Incidents,Date,Chain,Attack Tx,ToVuls,Attacker,Attack Contract,Vulnerable Contract,Stage
20250820 0x8d2e - Access Control,2025/08/20,BASE,https://basescan.org/tx/0x6be0c4b5414883a933639c136971026977df4737b061f864a4a04e4bd7f07106,,https://basescan.org/address/0x4efd5f0749b1b91afdcd2ecf464210db733150e0,https://basescan.org/address/0x2a59ac31c58327efcbf83cc5a52fae1b24a81440,https://basescan.org/address/0x8d2Ef0d39A438C3601112AE21701819E13c41288,Post
20250816 d3xai - Price Manipulation,2025/08/16,BSC,https://bscscan.com/tx/0x26bcefc152d8cd49f4bb13a9f8a6846be887d7075bc81fa07aa8c0019bd6591f,,https://bscscan.com/address/0x4b63c0cf524f71847ea05b59f3077a224d922e8d,https://bscscan.com/address/0x3b3e1edeb726b52d5de79cf8dd8b84995d9aa27c,,Post
20250815 PDZ - Price Manipulation,2025/08/15,BSC,https://bscscan.com/tx/0x81fd00eab3434eac93bfdf919400ae5ca280acd891f95f47691bbe3cbf6f05a5,,https://bscscan.com/address/0x48234fb95d4d3e5a09f3ec4dd57f68281b78c825,https://bscscan.com/address/0x1dffe35fb021f124f04d1a654236e0879fa0cb81,https://bscscan.com/address/0x664201579057f50D23820d20558f4b61bd80BDda,Dep
20250815 SizeCredit - Access Control,2025/08/15,ETH,https://etherscan.io/tx/0xc7477d6a5c63b04d37a39038a28b4cbaa06beb167e390d55ad4a421dbe4067f8,,https://etherscan.io/address/0xa7e9b982b0e19a399bc737ca5346ef0ef12046da,https://etherscan.io/address/0xa6dc1fc33c03513a762cdf2810f163b9b0fd3a71,https://etherscan.io/address/0xf4a21ac7e51d17a0e1c8b59f7a98bb7a97806f14,Post
20250813 YuliAI - Price Manipulation,2025/08/13,BSC,https://bscscan.com/tx/0xeab946cfea49b240284d3baef24a4071313d76c39de2ee9ab00d957896a6c1c4,,https://bscscan.com/address/0x26f8bf8a772b8283bc1ef657d690c19e545ccc0d,https://bscscan.com/address/0xd6b9ee63c1c360d1ea3e4d15170d20638115ffaa,https://bscscan.com/address/0x8262325bf1d8c3be83eb99f5a74b8458ebb96282,Post
20250813 coinbase - Misconfiguration,2025/08/13,ETH,https://etherscan.io/tx/0x33b2cb5bc3c0ccb97f0cc21e231ecb6457df242710dfce8d1b68935f0e05773b,,https://etherscan.io/address/0xC31a49D1c4C652aF57cEFDeF248f3c55b801c649,https://etherscan.io/address/0xF0D539955974b248d763D60C3663eF272dfC6971,,Post
20250813 Grizzifi - Logic Flaw,2025/08/13,BSC,https://bscscan.com/tx/0x36438165d701c883fd9a03631ee0cdeec35a138153720006ab59264db7e075c1,,https://bscscan.com/address/0xe2336b08a43f87a4ac8de7707ab7333ba4dbaf7c,https://bscscan.com/address/0xEd35746F389177eCD52A16987b2aaC74AA0c1128,https://bscscan.com/address/0x21ab8943380b752306abf4d49c203b011a89266b,Dep
20250812 Bebop - Arbitrary user input,2025/08/12,BASE,https://basescan.com/tx/0xe5f8fe69b38613a855dbcb499a2c4ecffe318c620a4c4117bd0e298213b7619d,,0x59537353248d0b12c7fcca56a4e420ffec4abc91,0x091101b0f31833c03dddd5b6411e62a212d05875,0xbeb0b0623f66bE8cE162EbDfA2ec543A522F4ea6,
20250811 WXC - Incorrect token burn mechanism,2025/08/11,BSC,https://bscscan.com/tx/0x1397bc7f0d284f8e2e30d0a9edd0db1f3eb0dd284c75e30d226b02bf09ad068f,,0x476954c752a6ee04b68382c97f7560040eda7309,0x798465b25b68206370d99f541e11eea43288d297,0x8087720eeea59f9f04787065447d52150c09643e,Post
20250728 SuperRare - Access Control,2025/07/28,ETH,https://app.blocksec.com/explorer/tx/eth/0xd813751bfb98a51912b8394b5856ae4515be6a9c6e5583e06b41d9255ba6e3c1,,https://etherscan.io/address/0x5b9b4b4dafbcfceea7afba56958fcbb37d82d4a2,https://etherscan.io/address/0x08947cedf35f9669012bda6fda9d03c399b017ab,https://etherscan.io/address/0xfFB512B9176D527C5D32189c3e310Ed4aB2Bb9eC,Post
20250726 MulticallWithETH - arbitrary-call,2025/07/26,BSC,https://bscscan.com/tx/0x6da7be6edf3176c7c4b15064937ee7148031f92a4b72043ae80a2b3403ab6302,,https://bscscan.com/address/0x726fb298168c89d5dce9a578668ab156c7e7be67,https://bscscan.com/address/0x756d614e3d277baea260f64cc2ab9a3ac89877d3,https://bscscan.com/address/0x3da0f00d5c4e544924bc7282e18497c4a4c92046,Dep
20250724 SWAPPStaking - Incorrect Reward calculation,2025/07/24,ETH,https://app.blocksec.com/explorer/tx/eth/0xa02b159fb438c8f0fb2a8d90bc70d8b2273d06b55920b26f637cab072b7a0e3e,,https://etherscan.io/address/0x657a2b6fe37ced2f31fd7513095dbfb126a53601,https://etherscan.io/address/0x7f1f536223d6a84ad4897a675f04886ce1c3b7a1,"https://etherscan.io/address/0x245a551ee0f55005e510b239c917fa34b41b3461, https://etherscan.io/address/0x6e90c85a495d54c6d7E1f3400FEF1f6e59f86bd6#code",Dep
20250720 Stepp2p - Logic Flaw,2025/07/20,BSC,https://bscscan.com/tx/0xe94752783519da14315d47cde34da55496c39546813ef4624c94825e2d69c6a8,,https://bscscan.com/address/0xd7235d08a48cbd3f63b9faa16130f2fdb50b2341,https://bscscan.com/address/0x399eff46b7d458575ebbbb572098e62e38f3c993,https://bscscan.com/address/0x99855380e5f48db0a6babeae312b80885a816dce,Post
20250716 VDS - Logic Flaw,2025/07/16,BSC,https://bscscan.com/tx/0x0e01fd8798f970fd689014cb215e622aca8b7c8c243176c5b504e0043402e31f,,https://bscscan.com/address/0xa3e18e6028b1ca09433157cd6a5e807ffe705350,https://bscscan.com/address/0x383794a0c68e5c8c050f8f361b26a22b3f60eccf,https://bscscan.com/address/0x6ce69d7146dbaae18c11c36d8d94428623b29d5a,Post
20250709 GMX - Share price manipulation,2025/07/09,ARBI,https://arbiscan.io/tx/0x03182d3f0956a91c4e4c8f225bbc7975f9434fab042228c7acdc5ec9a32626ef,,,,,
20250705 RANT - Logic Flaw,2025/07/05,BSC,https://bscscan.com/tx/0x2d9c1a00cf3d2fda268d0d11794ad2956774b156355e16441d6edb9a448e5a99,,https://bscscan.com/address/0xad2cb8f48e74065a0b884af9c5a4ecbba101be23,https://bscscan.com/address/0x1e2d48e640243b04a9fa76eb49080e9ab110b4ac,https://bscscan.com/address/0xc321ac21a07b3d593b269acdace69c3762ca2dd0,Dep
20250702 FPC - Logic Flaw,2025/07/02,BSC,https://bscscan.com/tx/0x3a9dd216fb6314c013fa8c4f85bfbbe0ed0a73209f54c57c1aab02ba989f5937,,https://bscscan.com/address/0x18dd258631b23777c101440380bf053c79db3d9d,https://bscscan.com/address/0xbf6e706d505e81ad1f73bbc0babfe2b414ba3eb3,https://bscscan.com/address/0xb192d4a737430aa61cea4ce9bfb6432f7d42592f,Post
20250629 Stead - Access Control,2025/06/29,ARBI,https://arbiscan.io/tx/0x32dbfce2253002498cd41a2d79e249250f92673bc3de652f3919591ee26e8001,1,https://arbiscan.io/address/0x5fb0b8584b34e56e386941a65dbe455ad43c5a23,,https://arbiscan.io/address/0xf9FF933f51bA180a474634440a406c95DfB27596,Post
20250626 ResupplyFi - Share price manipulation,2025/06/26,ETH,https://etherscan.io/tx/0xffbbd492e0605a8bb6d490c3cd879e87ff60862b0684160d08fd5711e7a872d3,,https://etherscan.io/address/0x6d9f6e900ac2ce6770fd9f04f98b7b0fc355e2ea,https://etherscan.io/address/0xf90da523a7c19a0a3d8d4606242c46f1ee459dc7,https://etherscan.io/address/0x6e90c85a495d54c6d7E1f3400FEF1f6e59f86bd6,Dep
20250620 Gangsterfinance - Incorrect dividends,2025/06/20,BSC,https://bscscan.com/tx/0xf34e59e4fe2c9b454d2b73a1a3f3aaf07d484a0c71ff8278b1c068cdedc4b64d,,https://bscscan.com/address/0xc49f2938327aa2cdc3f2f89ed17b54b3671f05de,https://bscscan.com/address/0x982769c5e5dd77f8308e3cd6eec37da9d8237dc6,https://bscscan.com/address/0xe968d2e4adc89609773571301abec3399d163c3b,Dep
20250619 BankrollStack - Incorrect dividends calculation,2025/06/19,BSC,"https://bscscan.com/tx/0xf4a67ffc92eb043b6a0664426d8065f7c27ab1dffc7e18fd5c2d31f0b2937e9c;
https://bscscan.com/tx/0x0706425beba4b3f28d5a8af8be26287aa412d076828ec73d8003445c087af5fd",,https://bscscan.com/address/0x172dca3e72e4643ce8b7932f4947347c1e49ba6d,0x92c56dd0c9eee1da9f68f6e0f70c4a77de7b2b3c,0x16d0a151297a0393915239373897bCc955882110,Post
20250619 BankrollNetwork - Incorrect dividends calculation,2025/06/19,BSC,https://bscscan.com/tx/0x7226b3947c7e8651982e5bd777bca52d03ea31d19b515dec123595a4435ae22c,,https://bscscan.com/address/0x2dea406bb3bea68d6be8d9ef0071fdf63082fb52,https://bscscan.com/address/0xe63a5c681cacb8484c8a989cfdd41b8e3b7a2be2,https://bscscan.com/address/0xAdEfb902CaB716B8043c5231ae9A50b8b4eE7c4e,Post
20250617 MetaPool - Access Control,2025/06/17,ETH,https://etherscan.io/tx/0x57ee419a001d85085478d04dd2a73daa91175b1d7c11d8a8fb5622c56fd1fa69,,https://etherscan.io/address/0x48f1d0f5831eb6e544f8cbde777b527b87a1be98,https://etherscan.io/address/0xff13d5899aa7d84c10e4cd6fb030b80554424136,https://etherscan.io/address/0x48afbbd342f64ef8a9ab1c143719b63c2ad81710,Dep
20250526 YDT - Logic Flaw,2025/05/26,BSC,https://bscscan.com/tx/0x233b21d0355108593c3f136797aed886ae1d4655384b33d67b1fccee88cdfbc2,,,,,
20250518 KRC - deflationary token,2025/05/18,BSC,https://bscscan.com/tx/0x78f242dee5b8e15a43d23d76bce827f39eb3ac54b44edcd327c5d63de3848daf,,https://bscscan.com/address/0x9943f26831f9b468a7fe5ac531c352baab8af655,0xd995edcab2efe3283514ff111cedc9aaff0349c8,https://bscscan.com/address/0xdbead75d3610209a093af1d46d5296bbeffd53f5,Post
20250514 Unwarp - lack-of-access-control,2025/05/14,BASE,https://app.blocksec.com/explorer/tx/base/0xac6f716c57bbb1a4c1e92f0a9531019ea2ecfcaea67794bbd27115d400ae9b41,,https://basescan.org/address/0x5cc162c556092fe1d993b95d1b9e9ce58a11dbc9,https://basescan.org/address/0x0c6a8c285d696d4d9b8dd4079a72a6460a4da05f,https://basescan.org/address/0x8befc1d90d03011a7d0b35b3a00ec50f8e014802,Post
20250511 MBUToken - Price Manipulation not confirmed,2025/05/11,BSC,https://bscscan.com/tx/0x2a65254b41b42f39331a0bcc9f893518d6b106e80d9a476b8ca3816325f4a150,,https://bscscan.com/address/0xb32a53af96f7735d47f4b76c525bd5eb02b42600,https://bscscan.com/address/0x631adff068d484ce531fb519cda4042805521641,https://bscscan.com/address/0x95e92b09b89cf31fa9f1eca4109a85f88eb08531; https://bscscan.com/address/0x0dfb6ac3a8ea88d058be219066931db2bee9a581,Post
20250509 Nalakuvara_LotteryTicket50 - Price Manipulation,2025/05/09,BASE,https://basescan.org/tx/0x16a99aef4fab36c84ba4616668a03a5b37caa12e2fc48923dba4e711d2094699,,https://basescan.org/address/0x3026c464d3bd6ef0ced0d49e80f171b58176ce32,,,
20250426 ImpermaxV3 - Floashloan,2025/04/26,BASE,https://basescan.org/tx/0xde903046b5cdf27a5391b771f41e645e9cc670b649f7b87b1524fc4076f45983,,https://basescan.org/address/0xe3223f7e3343c2c8079f261d59ee1e513086c7c3,https://basescan.org/address/0x98e938899902217465f17cf0b76d12b3dca8ce1b,https://bscscan.com/address/0x5d93f216f17c225a8b5ffa34e74b7133436281ee#code,Post
20250426 Lifeprotocol - Price Manipulation,2025/04/26,BSC,https://bscscan.com/tx/0x487fb71e3d2574e747c67a45971ec3966d275d0069d4f9da6d43901401f8f3c0,,https://bscscan.com/address/0x3026C464d3Bd6Ef0CeD0D49e80f171b58176Ce32,https://bscscan.com/address/0xF6Cee497DFE95A04FAa26F3138F9244a4d92f942,https://bscscan.com/address/0x42e2773508e2ae8ff9434bea599812e28449e2cd,Post
20250418 BTNFT - Claim Rewards Without Protection,2025/04/18,BSC,https://bscscan.com/tx/0x1e90cbff665c43f91d66a56b4aa9ba647486a5311bb0b4381de4d653a9d8237d,,https://bscscan.com/address/0xbda2a27cdb2ffd4258f3b1ed664ed0f28f9e0fc3,https://bscscan.com/address/0x7A4D144307d2DFA2885887368E4cd4678dB3c27a,https://bscscan.com/address/0x0FC91B6Fea2E7A827a8C99C91101ed36c638521B#code,Post
20250416 YVToken - Not Slippage Protection,2025/04/16,BSC,https://bscscan.com/tx/0xe1e7fa81c3761e2698aa83e084f7dd4a1ff907bcfc4a612d54d92175d4e8a28b,,https://bscscan.com/address/0x00000000b7da455fed1553c4639c4b29983d8538,https://bscscan.com/address/0xbdcd584ec7b767a58ad6a4c732542b026dceaa35,https://bscscan.com/address/0x113F16A3341D32c4a38Ca207Ec6ab109cF63e434,Dep
20250404 AIRWA - Access Control,2025/04/04,BSC,https://bscscan.com/tx/0x5cf050cba486ec48100d5e5ad716380660e8c984d80f73ba888415bb540851a4,,https://bscscan.com/address/0x70f0406e0a50c53304194b2668ec853d664a3d9c,https://bscscan.com/address/0x2a011580f1b1533006967bd6dc63af7ae5c82363,https://bscscan.com/address/0x3af7da38c9f68df9549ce1980eef4ac6b635223a,Post
20250330 LeverageSIR - Storage SLOT1 collision,2025/03/30,ETH,https://etherscan.io/tx/0xa05f047ddfdad9126624c4496b5d4a59f961ee7c091e7b4e38cee86f1335736f,,https://etherscan.io/address/0x27defcfa6498f957918f407ed8a58eba2884768c,https://etherscan.io/address/0xea55fffae1937e47eba2d854ab7bd29a9cc29170; https://etherscan.io/address/0x341c853c09b3691b434781078572f9d3ab9e3cbb; https://etherscan.io/address/0x00000000001271551295307acc16ba1e7e0d4281,https://etherscan.io/address/0xb91ae2c8365fd45030aba84a4666c4db074e53e7,Dep
20250328 Alkimiya_IO - unsafecast,2025/03/28,ETH,https://etherscan.io/tx/0x9b9a6dd05526a8a4b40e5e1a74a25df6ecccae6ee7bf045911ad89a1dd3f0814,,https://etherscan.io/address/0xF6ffBa5cbF285824000daC0B9431032169672B6e,https://etherscan.io/address/0x80bf7db69556d9521c03461978b8fc731dbbd4e4,https://etherscan.io/address/0xf3f84ce038442ae4c4dcb6a8ca8bacd7f28c9bde,Post
20250327 YziAI - Rug Pull,2025/03/27,BSC,https://bscscan.com/tx/0x4821392c0b27a4acc952ff51f07ed5dc74d4b67025c57232dae44e4fef1f30e8,1,https://bscscan.com/address/0x63fc3ff98de8d5ca900e68e6c6f41a7ca949c453,,https://bscscan.com/address/0x7fdff64bf87bad52e6430bda30239bd182389ee3,Post
20250320 BBXToken - Price Manipulation,2025/03/20,BSC,https://bscscan.com/tx/0xf7019e1232704c3ede4ecf00b79ccf647b2cb3718b9f6972e70dc7c5170e3f91; https://app.blocksec.com/explorer/tx/bsc/0x0dd486368444598610239b934dd9e8c6474a06d11380d1cfec4d91568b5ac581https://bscscan.com/tx/0x0dd486368444598610239b934dd9e8c6474a06d11380d1cfec4d91568b5ac581,,https://bscscan.com/address/0x8aea7516b3b6aabf474f8872c5e71c1a7907e69e,https://bscscan.com/address/0x0489E8433e4E74fB1ba938dF712c954DDEA93898,https://bscscan.com/address/0x6051428b580f561b627247119eed4d0483b8d28e,Post
20250318 DCFToken - Lack of Slippage Protection,2025/03/18,BSC,https://bscscan.com/tx/0xb375932951c271606360b6bf4287d080c5601f4f59452b0484ea6c856defd6fd,,https://bscscan.com/address/0x00c58434f247dfdca49b9ee82f3013bac96f60ff,https://bscscan.com/address/0x77ab960503659711498a4c0bc99a84e8d0a47589,https://bscscan.com/address/0x8487f846d59f8fb4f1285c64086b47e2626c01b6,Post
20250316 wKeyDAO - unprotected function,2025/03/16,BSC,https://app.blocksec.com/explorer/tx/bsc/0xc9bccafdb0cd977556d1f88ac39bf8b455c0275ac1dd4b51d75950fb58bad4c8?line=12,,0x3026c464d3bd6ef0ced0d49e80f171b58176ce32,https://bscscan.com/address/0x3783c91ee49a303c17c558f92bf8d6395d2f76e3,https://bscscan.com/address/0xd511096a73292a7419a94354d4c1c73e8a3cd851,Post
20250314 H2O - Weak Random Mint,2025/03/14,BSC,https://bscscan.com/tx/0x729c502a7dfd5332a9bdbcacec97137899ecc82c17d0797b9686a7f9f6005cb7,,https://bscscan.com/address/0x8842dd26fd301c74afc4df12e9cdabd9db107d1e,https://bscscan.com/address/0x03ca8b574dd4250576f7bccc5707e6214e8c6e0d,https://bscscan.com/address/0xe9c4d4f095c7943a9ef5ec01afd1385d011855a1,Post
20250311 DUCKVADER - Free Mint Bug,2025/03/11,BASE,https://basescan.org/tx/0x9bb1401233bb9172ede2c3bfb924d5d406961e6c63dee1b11d5f3f79f558cae4,,https://basescan.org/address/0x2383a550e40a61b41a89da6b91d8a4a2452270d0,https://basescan.org/address/0x652f9ac437a870ce273a0be9d7e7ee03043a91ff,https://basescan.org/address/0xaa8f35183478b8eced5619521ac3eb3886e98c56,Dep
20250307 SBR Token - Price Manipulation,2025/03/07,ETH,https://etherscan.io/tx/0xe4c1aeacf8c93f8e39fe78420ce7a114ecf59dea90047cd2af390b30af54e7b9,,https://etherscan.io/address/0x7a6488348a7626c10e35df9ae0a2ad916a56a952,https://etherscan.io/address/0x9926796371e0107abe406128fa801fda0e436f44,,Dep
20250305 1inch FusionV1 Settlement - Arbitrary Yul Calldata,2025/03/05,ETH,https://etherscan.io/tx/0x62734ce80311e64630a009dd101a967ea0a9c012fabbfce8eac90f0f4ca090d6,,https://etherscan.io/address/0xA7264a43A57Ca17012148c46AdBc15a5F951766e,https://etherscan.io/address/0x019BfC71D43c3492926D4A9a6C781F36706970C9,https://etherscan.io/address/0xa88800cd213da5ae406ce248380802bd53b47647,Post
20250223 HegicOptions - Business Logic Flaw,2025/02/23,ETH,https://etherscan.io/tx/0x260d5eb9151c565efda80466de2e7eee9c6bd4973d54ff68c8e045a26f62ea73; https://etherscan.io/tx/0x444854ee7e7570f146b64aa8a557ede82f326232e793873f0bbd04275fa7e54c,,https://etherscan.io/address/0x4B53608fF0cE42cDF9Cf01D7d024C2c9ea1aA2e8,https://etherscan.io/address/0xf51e888616a123875eaf7afd4417fbc4111750f7,https://etherscan.io/address/0x7094E706E75E13D1E0ea237f71A7C4511e9d270B#code,Post
20250221 Bybit - Phishing attack,2025/02/21,ETH,https://etherscan.io/tx/0x46deef0f52e3a983b67abf4714448a41dd7ffd6d32d32da69d62081c68ad7882; https://etherscan.io/tx/0xb61413c495fdad6114a7aa863a00b2e3c28945979a10885b12b30316ea9f072c; https://etherscan.io/tx/0xbcf316f5835362b7f1586215173cc8b294f5499c60c029a3de6318bf25ca7b20; https://etherscan.io/tx/0x847b8403e8a4816a4de1e63db321705cdb6f998fb01ab58f653b863fda988647; https://etherscan.io/tx/0xa284a1bc4c7e0379c924c73fcea1067068635507254b03ebbbd3f4e222c1fae0,1; 1; 1; 1; 1,https://etherscan.io/address/0x0fa09c3a328792253f8dee7116848723b72a6d2e,https://etherscan.io/address/0x96221423681a6d52e184d440a8efcebb105c7242; https://etherscan.io/address/0xbdd077f651ebe7f7b3ce16fe5f2b025be2969516,https://etherscan.io/address/0x1db92e2eebc8e0c075a02bea49a2935bcd2dfcf4; https://etherscan.io/address/0x34cfac646f301356faa8b21e94227e3583fe3f5f,Dep
20250221 StepHeroNFTs - Reentrancy On Sell NFT,2025/02/21,BSC,https://bscscan.com/tx/0xef386a69ca6a147c374258a1bf40221b0b6bd9bc449a7016dbe5240644581877,,https://bscscan.com/address/0xFb1cc1548D039f14b02cfF9aE86757Edd2CDB8A5,ttps://bscscan.com/address/0xd4c80700ca911d5d3026a595e12aa4174f4cacb3; https://bscscan.com/address/0xb4c32404de3367ca94385ac5b952a7a84b5bdf76; https://bscscan.com/address/0x8f327e60fb2a7928c879c135453bd2b4ed6b0fe9,https://bscscan.com/address/0x9823E10A0bF6F64F59964bE1A7f83090bf5728aB,Dep
20250211 FourMeme - Logic Flaw,2025/02/11,BSC,https://bscscan.com/tx/0xdb5d43317ab8e5d67cdd5006b30a6f2ced513237ac189eb1e57f0f06f630d582; https://bscscan.com/tx/0x4235b006b94a79219181623a173a8a6aadacabd01d6619146ffd6fbcbb206dff; https://bscscan.com/tx/0xe0daa3bf68c1a714f255294bd829ae800a381624417ed4b474b415b9d2efeeb5; https://bscscan.com/tx/0x2902f93a0e0e32893b6d5c907ee7bb5dabc459093efa6dbc6e6ba49f85c27f61,0; 0; 1; 0,https://bscscan.com/address/0x010Fc97CB0a4D101dCe20DAB37361514bD59A53A; https://bscscan.com/address/0x935d6cf073eab37ca2b5878af21329d5dbf4f4a5; https://bscscan.com/address/0xf91848a076efaa6b8ecc9d378ab6d32bd506dc79; https://bscscan.com/address/0x907004b6bb6965a83fdbcbc060a5b30bc876c33d; https://bscscan.com/address/0x482b004e7800174a1efb87f496552ac8f53b2fda,https://bscscan.com/address/0x06799f7b09a455c1cf6a8e7615ece04b31a9d051; https://bscscan.com/address/0x4fdebca823b7886c3a69fa5fc014104f646d9591; https://bscscan.com/address/0xbf26e147918a07cb8d8cf38d260edf346977686c; https://bscscan.com/address/0x5c952063c7fc8610FFDB798152D69F0B9550762b,https://bscscan.com/address/0x5c952063c7fc8610ffdb798152d69f0b9550762b,Post
20250208 Peapods Finance - Price Manipulation,2025/02/08,ETH,https://etherscan.io/tx/0x2c1a19982aa88bee8a5d9a5dfeb406f2bfe1cfc1213f20e91d91ce3b55c86cc5,,https://etherscan.io/address/0xedee6379fe90bd9b85d8d0b767d4a6deb0dc9dcf,https://etherscan.io/address/0x21b1b6d675aae57684139200650c81a3686f5fc4,,Post
20250123 ODOS - invalid-signature-verification,2025/01/23,BASE,https://basescan.org/tx/0xd10faa5b33ddb501b1dc6430896c966048271f2510ff9ed681dd6d510c5df9f6,,https://basescan.org/address/0x4015d786e33c1842c3e4d27792098e4a3612fc0e,https://basescan.org/address/0x22a7da241a39f189a8aec269a6f11a238b6086fc,https://basescan.org/address/0xb6333e994fd02a9255e794c177efbdeb1fe779c7,Post
20250121 Ast - price-manipulation,2025/01/21,BSC,https://bscscan.com/tx/0x80dd9362d211722b578af72d551f0a68e0dc1b1e077805353970b2f65e793927,,0x56f77AdC522BFfebB3AF0669564122933AB5EA4f,https://bscscan.com/address/0xaae196b6e3f3ee34405e857e7bfb05d74c5cf775,https://bscscan.com/address/0xc10e0319337c7f83342424df72e73a70a29579b2,Post
20250118 Paribus - Bad oracle,2025/01/18,ARBI,https://arbiscan.io/tx/0xf5e753d3da60db214f2261343c1e1bc46e674d2fa4b7a953eaf3c52123aeebd2,,https://arbiscan.io/address/0x56190CAC88b8D4b5D5Ed668ef81828913932e7Ed,https://arbiscan.io/address/0xbd4786f93ceef3dd73600ebe0b0bdccca2f7d37c,,Post
20250114 IdolsNFT - Logic Flaw,2025/01/14,ETH,https://etherscan.io/tx/0x5e989304b1fb61ea0652db4d0f9476b8882f27191c1f1d2841f8977cb8c5284c,,https://etherscan.io/address/0xe546480138d50bb841b204691c39cc514858d101,https://etherscan.io/address/0x22d22134612c0741ebdb3b74a58842d6e74e3b16,https://etherscan.io/address/0x439cac149b935ae1d726569800972e1669d17094,Dep
20250113 Mosca2 - Logic Flaw,2025/01/13,BSC,https://bscscan.com/tx/0xf13d281d4aa95f1aca457bd17f2531581b0ce918c90905d65934c9e67f6ae0ec,,https://bscscan.com/address/0xe763da20e25103da8e6afa84b6297f87de557419,https://bscscan.com/address/0xedcfa34e275120e7d18edbbb0a6171d8ad3ccf54,https://bscscan.com/address/0xd8791f0c10b831b605c5d48959eb763b266940b9,Dep
20250112 Unilend - Logic Flaw,2025/01/12,ETH,https://etherscan.io/tx/0x44037ffc0993327176975e08789b71c1058318f48ddeff25890a577d6555b6ba,,https://etherscan.io/address/0x55f5f8058816d5376df310770ca3a2e294089c33,https://etherscan.io/address/0x3f814e5fae74cd73a70a0ea38d85971dfa6fda21,https://etherscan.io/address/0x4e34dd25dbd367b1bf82e1b5527dbbe799fad0d0,Post
20250111 RoulettePotV2 - Price Manipulation,2025/01/11,BSC,https://bscscan.com/tx/0xd9e0014a32d96cfc8b72864988a6e1664a9b6a2e90aeaa895fcd42da11cc3490,,https://bscscan.com/address/0x0000000000004f3d8aaf9175fd824cb00ad4bf80,https://bscscan.com/address/0x2bab3d77f90532f097b500ec0c0cbd1591566b1a,https://bscscan.com/address/0xf573748637e0576387289f1914627d716927f90f,Post
20250110 JPulsepot - Logic Flaw,2025/01/10,BSC,https://bscscan.com/tx/0xd6ba15ecf3df9aaae37450df8f79233267af41535793ee1f69c565b50e28f7da,,https://bscscan.com/address/0xf1e73123594cb0f3655d40e4dd6bde41fa8806e8,https://bscscan.com/address/0xe40ab156440804c3404bb80cbb6b47dddd3abfd7,https://bscscan.com/address/0x384b9fb6e42dab87f3023d87ea1575499a69998e,Dep
20250108 HORS - Access Control,2025/01/08,BSC,https://bscscan.com/tx/0xc8572846ed313b12bf835e2748ff37dacf6b8ee1bab36972dc4ace5e9f25fed7,,https://bscscan.com/address/0x8Efb9311700439d70025d2B372fb54c61a60d5DF,https://bscscan.com/address/0x75ff620FF0e63243e86b99510cDbaD1D5e76524E,https://bscscan.com/address/0x6f3390c6C200e9bE81b32110CE191a293dc0eaba,Post
20250108 LPMine - Incorrect reward calculation,2025/01/08,BSC,https://app.blocksec.com/explorer/tx/bsc/0x11c1ef2c61f5a2e41d570a1547d2d891bf916853ddd94e32097e86bcdd21cb4c; https://app.blocksec.com/explorer/tx/bsc/0x00c5a772a58b117f142b2cbc8721b80d145ef7a910043ad08439863d0e78e300,,0x593749d5414d8a735cda16e4b47cc9bfa47d5683,https://bscscan.com/address/0x0557f67b2d5dc575fe3e433e7caf71ea523979fd,https://bscscan.com/address/0x6bbef6df8db12667ae88519090984e4f871e5feb,Post
20250107 IPC Incorrect burn pairs,2025/01/07,BSC,https://app.blocksec.com/explorer/tx/bsc/0x5ef1edb9749af6cec511741225e6d47103e0b647d1e41e08649caaff66942a91,,0x09ea8b5e546914746f3dc686ac164486a607fb7b,https://bscscan.com/address/0x3be77a356848cf7220503e62e93dfd0ff3f0074a,https://bscscan.com/address/0xeab0d46682ac707a06aefb0ac72a91a3fd6fe5d1#code,Post
20250106 Mosca - Logic Flaw,2025/01/06,BSC,https://bscscan.com/tx/0x4e5bb7e3f552f5ee6ee97db9a9fcf07287aae9a1974e24999690855741121aff,,https://bscscan.com/address/0xb7d7240c207e094a9be802c0f370528a9c39fed5,https://bscscan.com/address/0x851288dcfb39330291015c82a5a93721cc92507a,https://bscscan.com/address/0x1962b3356122d6a56f978e112d14f5e23a25037d,Post
20250104 SorStaking - Incorrect reward calculation,2025/01/04,ETH,https://app.blocksec.com/explorer/tx/eth/0x72a252277e30ea6a37d2dc9905c280f3bc389b87f72b81a59aa8f50baebd8eaa; https://app.blocksec.com/explorer/tx/eth/0x6439d63cc57fb68a32ea8ffd8f02496e8abad67292be94904c0b47a4d14ce90d,,,,,Post
20250104 98Token - Unprotected public function,2025/01/04,BSC,https://app.blocksec.com/explorer/tx/bsc/0x61da5b502a62d7e9038d73e31ceb3935050430a7f9b7e29b9b3200db3095f91d,,https://bscscan.com/address/0x67a5f6bd9f8763c7e6c4ea0b54d1b14b9e5ee7e2,https://bscscan.com/address/0xf455c70916252939f92616c8312f131fe37d013f,https://bscscan.com/address/0xb040d88e61ea79a1289507d56938a6ad9955349c,Dep
20250101 LAURAToken - Pair Balance Manipulation,2025/01/01,ETH,https://etherscan.io/tx/0xef34f4fdf03e403e3c94e96539354fb4fe0b79a5ec927eacc63bc04108dbf420,,https://etherscan.io/address/0x25869347f7993c50410a9b9b9c48f37d79e12a36,https://etherscan.io/address/0x2cad84c3d2e31bc6d630229901f421e6da5557ef; https://etherscan.io/address/0x55877cf2f24286dba2acb64311beca39728fbd10,https://etherscan.io/token/0x05641e33fd15baf819729df55500b07b82eb8e89,Dep
20241223 Moonhacker - improper input validation,2024/12/23,OPT,https://optimistic.etherscan.io/tx/0xd12016b25d7aef681ade3dc3c9d1a1cc12f35b2c99953ff0e0ee23a59454c4fe,,https://optimistic.etherscan.io/address/0x36491840ebcf040413003df9fb65b6bc9a181f52,https://optimistic.etherscan.io/address/0x4e258f1705822c2565d54ec8795d303fdf9f768e; https://optimistic.etherscan.io/address/0x3a6eaaf2b1b02ceb2da4a768cfeda86cff89b287,https://optimistic.etherscan.io/address/0xd9b45e2c389b6ad55dd3631abc1de6f2d2229847#code,Dep
20241218 SlurpyCoin - Logic Flaw,2024/12/18,BSC,https://bscscan.com/tx/0x6c729ee778332244de099ba0cb68808fcd7be4a667303fcdf2f54dd4b3d29051,,https://bscscan.com/address/0x132d9bbdbe718365af6cc9e43bac109a9a53b138,https://bscscan.com/address/0x051e057ea275caf9a73578a97af6e8965e5a2349,https://bscscan.com/address/0x72c114A1A4abC65BE2Be3E356eEde296Dbb8ba4c,Dep
20241214 JHY - Logic Flaw,2024/12/14,BSC,https://bscscan.com/tx/0xb6a9055e3ce7f006391760fbbcc4e4bc8df8228dc47a8bb4ff657370ccc49256,,https://bscscan.com/address/0x00000000dd0412366388639b1101544fff2dce8d,https://bscscan.com/address/0x802a389072c4310cf78a2e654fa50fac8bdc1a55,https://bscscan.com/address/0x40Cd735D49e43212B5cb0b19773Ec2A648aAA96c,Post
20241210 LABUBU Token - Logic Flaw,2024/12/10,BSC,https://bscscan.com/tx/0xb06df371029456f2bf2d2edb732d1f3c8292d4271d362390961fdcc63a2382de,,https://bscscan.com/address/0x27441c62dbe261fdf5e1feec7ed19cf6820d583b,https://bscscan.com/address/0x2ff0cc42e513535bd56be20c3e686a58608260ca,https://bscscan.com/address/0x2ff960f1d9af1a6368c2866f79080c1e0b253997#code,Dep
20241210 CloberDEX - Reentrancy,2024/12/10,BASE,https://basescan.org/tx/0x8fcdfcded45100437ff94801090355f2f689941dca75de9a702e01670f361c04,,https://basescan.org/address/0x012Fc6377F1c5CCF6e29967Bce52e3629AaA6025,https://basescan.org/address/0x32Fb1BedD95BF78ca2c6943aE5AEaEAAFc0d97C1,https://basescan.org/address/0x6a0b87d6b74f7d5c92722f6a11714dbeda9f3895#code#F1#L277,
20241203 Pledge - Access Control,2024/12/03,BSC,https://bscscan.com/tx/0x63ac9bc4e53dbcfaac3a65cb90917531cfdb1c79c0a334dda3f06e42373ff3a0,,https://bscscan.com/address/0x59367b057055fd5d38ab9c5f0927f45dc2637390,https://bscscan.com/address/0x4aa0548019bfecd343179d054b1c7fa63e1e0b6c,,Post
20241123 Ak1111 - Access Control,2024/11/23,BSC,https://bscscan.com/tx/0xc29c98da0c14f4ca436d38f8238f8da1c84c4b1ee6480c4b4facc4b81a013438,,https://bscscan.com/address/0xCe21C6e4fa557A9041FA98DFf59A4401Ef0a18aC,https://bscscan.com/address/0xbFD7280B11466bc717EB0053A78675aed2C2E388,https://bscscan.com/address/0xc3B1b45e5784A8efececfC0BE2E28247d3f49963,Post
20241121 Matez - Integer Truncation,2024/11/21,BSC,https://bscscan.com/tx/0x840b0dc64dbb91e8aba524f67189f639a0bc94ee9256c57d79083bb3fd46ec91,,https://bscscan.com/address/0xd4f04374385341da7333b82b230cd223143c4d62,https://bscscan.com/address/0x0aD02ce1b8EB978FD8dc4abeC5bf92Dfa81Ed705,https://bscscan.com/address/0x326FB70eF9e70f8f4c38CFbfaF39F960A5C252fa,Dep
20241119 PolterFinance - FlashLoan Attack,2024/11/19,FTM,https://ftmscan.com/tx/0x5118df23e81603a64c7676dd6b6e4f76a57e4267e67507d34b0b26dd9ee10eac,,https://ftmscan.com/address/0x511f427Cdf0c4e463655856db382E05D79Ac44a6,https://ftmscan.com/address/0xA21451aC32372C123191B3a4FC01deB69F91533a,,Post
20241117 MFT - Logic Flaw,2024/11/17,BSC,https://bscscan.com/tx/0xe24ee2af7ceee6d6fad1cacda26004adfe0f44d397a17d2aca56c9a01d759142,,https://bscscan.com/address/0x2bee9915ddefdc987a42275fbcc39ed178a70aaa,https://bscscan.com/address/0x6E088C3dD1055F5dD1660C1c64dE2af8110B85a8,https://bscscan.com/address/0x29Ee4526e3A4078Ce37762Dc864424A089Ebba11,Post
20241114 vETH - Vulnerable Price Dependency,2024/11/14,ETH,https://etherscan.io/tx/0x900891b4540cac8443d6802a08a7a0562b5320444aa6d8eed19705ea6fb9710b; https://etherscan.io/tx/0x1ae40f26819da4f10bc7c894a2cc507cdb31c29635d31fa90c8f3f240f0327c0; https://etherscan.io/tx/0x90db330d9e46609c9d3712b60e64e32e3a4a2f31075674a58dd81181122352f8,,https://etherscan.io/address/0x351d38733de3f1e73468d24401c59f63677000c9,https://etherscan.io/address/0x713d2b652e5f2a86233c57af5341db42a5559dd1,https://etherscan.io/address/0x280a8955a11fcd81d72ba1f99d265a48ce39ac2e,Post
20241111 DeltaPrime - Reentrancy,2024/11/11,ARBI,https://arbiscan.io/tx/0x6a2f989b5493b52ffc078d0a59a3bf9727d134b403aa6e0bf309fd513a728f7f,,https://arbiscan.io/address/0xb87881637b5c8e6885c51ab7d895e53fa7d7c567,https://arbiscan.io/address/0x0b2bcf06f740c322bc7276b6b90de08812ce9bfe,https://arbiscan.io/address/0x62cf82fb0484af382714cd09296260edc1dc0c6c,Post
20241026 CompoundFork - Flashloan attack,2024/10/26,BASE,https://basescan.org/tx/0x6ab5b7b51f780e8c6c5ddaf65e9badb868811a95c1fd64e86435283074d3149e,,https://basescan.org/address/0x81d5187c8346073b648f2d44b9e269509513aae2,https://basescan.org/address/0x7562846468089cf0e8f7b38ac53406b895284901,https://basescan.org/address/0x93D619623abc60A22Ee71a15dB62EedE3EF4dD5a,Post
20241022 Vista - flashmint receive error,2024/10/22,BSC,https://app.blocksec.com/explorer/tx/bsc/0x84c385aab658d86b64e132e8db0c092756d5a9331a1131bf05f8214d08efba56,,https://bscscan.com/address/0x3d71366228ebd5196d45ee72f82405da601190ad,https://bscscan.com/address/0x10036dad92fd0459daab57c506ea656d46bf5727,,Post
20241022 Erc20transfer - Access Control,2024/10/22,ETH,https://etherscan.io/tx/0x7f2540af4a1f7b0172a46f5539ebf943dd5418422e4faa8150d3ae5337e92172,,https://etherscan.io/address/0xfde0d1575ed8e06fbf36256bcdfa1f359281455a,https://etherscan.io/address/0x6980a47bee930a4584b09ee79ebe46484fbdbdd0,https://etherscan.io/address/0x43dc865e916914fd93540461fde124484fbf8faa#code,Post
20241013 MorphoBlue - Overpriced Asset in Oracle,2024/10/13,ETH,https://etherscan.io/tx/0x256979ae169abb7fbbbbc14188742f4b9debf48b48ad5b5207cadcc99ccb493b,,https://etherscan.io/address/0x02DBE46169fDf6555F2A125eEe3dce49703b13f5,https://etherscan.io/address/0x4095F064B8d3c3548A3bebfd0Bbfd04750E30077,https://etherscan.io/address/0xBBBBBbbBBb9cC5e90e3b3Af64bdAF62C37EEFFCb,Post
20241011 P719Token - Price Manipulation Inflate Attack,2024/10/11,BSC,https://bscscan.com/tx/0x9afcac8e82180fa5b2f346ca66cf6eb343cd1da5a2cd1b5117eb7eaaebe953b3,,https://bscscan.com/address/0xfeb19ae8c0448f25de43a3afcb7b29c9cef6eff6,https://bscscan.com/address/0x3f32c7cfb0a78ddea80a2384ceb4633099cbdc98,https://bscscan.com/token/0x6beee2b57b064eac5f432fc19009e3e78734eabc,Post
20241010 HYDT - Oracle Price Manipulation,2024/10/10,BSC,https://app.blocksec.com/explorer/tx/bsc/0xa9df1bd97cf6d4d1d58d3adfbdde719e46a1548db724c2e76b4cd4c3222f22b3?line=58,,https://bscscan.com/address/0x4645863205b47a0a3344684489e8c446a437d66c,https://bscscan.com/address/0x8f921e27e3af106015d1c3a244ec4f48dbfcad14,,Post
20241006 sashatoken - price manipulation,2024/10/06,ETH,https://app.blocksec.com/explorer/tx/eth/0xd9fdc7d03eec28fc2453c5fa68eff82d4c297f436a6a5470c54ca3aecd2db17e,,0x493c5655D40B051a64bc88A6af21D73d3A9B72A2,https://etherscan.io/address/0x991493900674b10bdf54bdfe95b4e043257798cf,,Post
20241005 AIZPTToken - Wrong Price Calculation,2024/10/05,BSC,https://bscscan.com/tx/0x5e694707337cca979d18f9e45f40e81d6ca341ed342f1377f563e779a746460d,,https://bscscan.com/address/0x3026c464d3bd6ef0ced0d49e80f171b58176ce32,https://bscscan.com/address/0x8408497c18882bfb61be9204cfff530f4ee18320,https://bscscan.com/address/0xbe779d420b7d573c08eee226b9958737b6218888,Post
20241002 LavaLending - Price Manipulation,2024/10/02,ARBI,https://arbiscan.io/tx/0xb5cfa4ae4d6e459ba285fec7f31caf8885e2285a0b4ff62f66b43e280c947216,,https://arbiscan.io/address/0x8a0dfb61cad29168e1067f6b23553035d83fcfb2,https://arbiscan.io/address/0x69fa61eb4dc4e07263d401b01ed1cfceb599dab8#code,https://arbiscan.io/address/0x6700b021a8bcfae25a2493d16d7078c928c13151,Post
20241001 FireToken - Pair Manipulation With Transfer Function,2024/10/01,ETH,https://etherscan.io/tx/0xd20b3b31a682322eb0698ecd67a6d8a040ccea653ba429ec73e3584fa176ff2b,,https://etherscan.io/address/0x81f48a87ec44208c691f870b9d400d9c13111e2e,https://etherscan.io/address/0x9776c0abe8ae3c9ca958875128f1ae1d5afafcb8,https://etherscan.io/address/0x18775475f50557b96C63E8bbf7D75bFeB412082D,Dep
20240926 Bedrock_DeFi - Swap ETH/BTC 1/1 in mint function,2024/09/26,ETH,https://etherscan.io/tx/0x725f0d65340c859e0f64e72ca8260220c526c3e0ccde530004160809f6177940,,https://etherscan.io/address/0x2bFB373017349820dda2Da8230E6b66739BE9F96,https://etherscan.io/address/0x0C8da4f8B823bEe4D5dAb73367D45B5135B50faB,https://etherscan.io/address/0x047D41F2544B7F63A8e991aF2068a363d210d6Da,Dep
20240926 OnyxDAO - Fake Market,2024/09/26,ETH,https://etherscan.io/tx/0x46567c731c4f4f7e27c4ce591f0aebdeb2d9ae1038237a0134de7b13e63d8729,,https://etherscan.io/address/0x680910cf5fc9969a25fd57e7896a14ff1e55f36b,https://etherscan.io/address/0xa57eda20be51ae07df3c8b92494c974a92cf8956; https://etherscan.io/address/0xae7d68b140ed075e382e0a01d6c67ac675afa223; https://etherscan.io/address/0x4f8b8c1b828147c1d6efc37c0326f4ac3e47d068; https://etherscan.io/address/0x3f100c9e9b9c575fe73461673f0770435575dc0e; https://etherscan.io/address/0xad45812c62fcbc8d54d0cc82773e85a11f19a248,https://etherscan.io/address/0xf10bc5be84640236c71173d1809038af4ee19002,Dep
20240924 MARA - price-manipulation,2024/09/24,BSC,https://bscscan.com/tx/0x0fe3716431f8c2e43217c3ca6d25eed87e14d0fbfa9c9ee8ce4cef2e5ec4583c,,0x3026c464d3bd6ef0ced0d49e80f171b58176ce32,https://bscscan.com/address/0x1c4684b838cf4344c152ba18650d1524af4f0f12,https://bscscan.com/address/0xc6a8c02dd5a3dd1616ec072bfc7c9d3df9682a63,Post
20240923 Bankroll_Network - Incorrect input validation,2024/09/23,BSC,https://app.blocksec.com/explorer/tx/bsc/0xd4c7c11c46f81b6bf98284e4921a5b9f0ff97b4c71ebade206cb10507e4503b0,,0x4645863205b47a0a3344684489e8c446a437d66c,https://bscscan.com/address/0x8f921e27e3af106015d1c3a244ec4f48dbfcad14,https://bscscan.com/address/0x564d4126af2b195ffaa7fb470ed658b1d9d07a54#code,Post
20240920 Shezmu - Access Control,2024/09/20,ETH,https://etherscan.io/tx/0x39328ea4377a8887d3f6ce91b2f4c6b19a851e2fc5163e2f83bbc2fc136d0c71,,https://etherscan.io/address/0xa3a64255484ad65158af0f9d96b5577f79901a1d,https://etherscan.io/address/0xEd4B3d468DEd53a322A8B8280B6f35aAE8bC499C,https://etherscan.io/address/0x641249dB01d5C9a04d1A223765fFd15f95167924,Dep
20240913 OTSeaStaking - Logic Flaw,2024/09/13,ETH,https://app.blocksec.com/explorer/tx/eth/0x90b4fcf583444d44efb8625e6f253cfcb786d2f4eda7198bdab67a54108cd5f4,,0x000000003704BC4ffb86000046721f44Ef3DBABe,https://etherscan.io/address/0xd11ee5a6a9ebd9327360d7a82e40d2f8c314e985,https://etherscan.io/address/0xf2c8e860ca12cde3f3195423ecf54427a4f30916#code,Post
20240910 Caterpillar_Coin_CUT - Price Manipulation,2024/09/10,BSC,https://app.blocksec.com/explorer/tx/bsc/0x2c123d08ca3d50c4b875c0b5de1b5c85d0bf9979dffbf87c48526e3a67396827?line=0,,0x5766d1F03378f50c7c981c014Ed5e5A8124f38A4,https://bscscan.com/address/0x87efb39a716860ecd2324a944cb40ec5128e56dd,https://bscscan.com/address/0x7b2e7cb89824236cb7096cde7a153af30f3ecbaf,Post
20240903 Penpiexyz_io - Reentrancy and Reward Manipulation,2024/09/03,ETH,https://etherscan.io/tx/0x56e09abb35ff12271fdb38ff8a23e4d4a7396844426a94c4d3af2e8b7a0a2813,,https://etherscan.io/address/0xc0eb7e6e2b94aa43bdd0c60e645fe915d5c6eb84,https://etherscan.io/address/0x4af4c234b8cb6e060797e87afb724cfb1d320bb7,,Post
20240902 Pythia - Logic Flaw,2024/09/02,ETH,https://etherscan.io/tx/0x7e19f8edb1f1666322113f15d7674593950ac94bbc25d2aff96adabdcae0a6c3,,https://etherscan.io/address/0xd861e6f1760d014d6ee6428cf7f7d732563c74c0,https://etherscan.io/address/0x542533536e314180e1b9f00b2c046f6282eb3647,https://etherscan.io/address/0xe2910b29252F97bb6F3Cc5E66BfA0551821C7461,Dep
20240828 AAVE - Arbitrary Call Error,2024/08/28,ETH,https://etherscan.io/tx/0xc27c3ec61c61309c9af35af062a834e0d6914f9352113617400577c0f2b0e9de,,0x6ea83f23795f55434c38ba67fcc428aec0c296dc,https://etherscan.io/address/0x78b0168a18ef61d7460fabb4795e5f1a9226583e,0x02e7b8511831b1b02d9018215a0f8f500ea5c6b3,Dep
20240816 OMPx Contract - FlashLoan,2024/08/16,ETH,https://app.blocksec.com/explorer/tx/eth/0xd927843e30c6b2bf43103d83bca6abead648eac3cad0d05b1b0eb84cd87de9b6?line=0,,https://etherscan.io/address/0x40d115198d71cab59668b51dd112a07d273d5831,https://etherscan.io/address/0xfaddf57d079b01e53d1fe3476cc83e9bcc705854,https://etherscan.io/address/0x09a80172ed7335660327cd664876b5df6fe06108,Post
20240816 Zenterest - Price Out Of Date,2024/08/16,ETH,https://app.blocksec.com/explorer/tx/eth/0xfe8bc757d87e97a5471378c90d390df47e1b29bb9fca918b94acd8ecfaadc598,,0x5d5acc816a41fb59b043bc1028425c9645c0c336,https://etherscan.io/address/0x90744c976f69c7d112e8fe85c750ace2a2c16f15,,Post
20240814 YodlRouter - Arbitrary Call,2024/08/14,ETH,https://etherscan.io/tx/0x54f659773dae6e01f83184d4b6d717c7f1bb71c0aa59e8c8f4a57c25271424b3,,https://etherscan.io/address/0xedee6379fe90bd9b85d8d0b767d4a6deb0dc9dcf,https://etherscan.io/address/0x802cfff8d7cb27879e00496843bb69361ff09ab3,https://etherscan.io/address/0xe3a0bc3483ae5a04db7ef2954315133a6f7d228e#code,Post
20240813 VOW - Misconfiguration,2024/08/13,ETH,https://etherscan.io/tx/0x758efef41e60c0f218682e2fa027c54d8b67029d193dd7277d6a881a24b9a561,,https://etherscan.io/address/0x48de6bf9e301946b0a32b053804c61dc5f00c0c3,https://etherscan.io/address/0xb7f221e373e3f44409f91c233477ec2859261758,https://etherscan.io/address/0x1bbf25e71ec48b84d773809b4ba55b6f4be946fb,Post
20240812 iVest - Business logic flaw,2024/08/12,BSC,https://app.blocksec.com/explorer/tx/bsc/0x12f27e81e54684146ec50973ea94881c535887c2e2f30911b3402a55d67d121d,,0x4645863205b47a0a3344684489e8c446a437d66c,https://bscscan.com/address/0x8f921e27e3af106015d1c3a244ec4f48dbfcad14,,Post
20240806 Novax - Price Manipulation,2024/08/06,BSC,https://app.blocksec.com/explorer/tx/bsc/0xb1ad1188d620746e2e64785307a7aacf2e8dbda4a33061a4f2fbc9721048e012,,0x81ca56b6973ff63e3ff2b3f99cb6a6d211269e79,https://bscscan.com/address/0x42bc5a77985b2149a8fd085bf1d3fcda4eb71d53,,Post
20240801 Convergence - Incorrect input validation,2024/08/01,ETH,https://etherscan.io/tx/0x636be30e58acce0629b2bf975b5c3133840cd7d41ffc3b903720c528f01c65d9,,0x03560a9d7a2c391fb1a087c33650037ae30de3aa,https://etherscan.io/address/0xee45384d4861b6fb422dfa03fbdcc6e29d7beb69,0xe60341ae7d6776fc346bdc3acdf350a85981ad76,Dep
20240724 Spectra_finance Incorrect input validation,2024/07/24,ETH,https://etherscan.io/tx/0x491cf8b2a5753fdbf3096b42e0a16bc109b957dc112d6537b1ed306e483d0744,,0x53635bf7b92b9512f6de0eb7450b26d5d1ad9a4c,https://etherscan.io/address/0xba8ce86147ded54c0879c9a954f9754a472704aa,,Post
20240723 MEVbot_0xdd7c - Incorrect input validation,2024/07/23,ETH,https://app.blocksec.com/explorer/tx/eth/0x53334c36502bd022bd332f2aa493862fd8f722138d1989132a46efddcc6b04d4,,https://etherscan.io/address/0x98250d30aed204e5cbb8fef7f099bc68dbc4b896,https://etherscan.io/address/0xe10b2cfa421d0ecd5153c7a9d53dad949e1990dd,,Post
20240716 Lifiprotocol - Incorrect input validation,2024/07/16,ETH,https://app.blocksec.com/explorer/tx/eth/0xd82fe84e63b1aa52e1ce540582ee0895ba4a71ec5e7a632a3faa1aff3e763873,,https://etherscan.io/address/0x8b3cb6bf982798fba233bca56749e22eec42dcf3,https://etherscan.io/address/0x986aca5f2ca6b120f4361c519d7a49c5ac50c240,,Post
20240714 Minterest - Reentrancy,2024/07/14,MANTLE,https://app.blocksec.com/explorer/tx/mantle/0xb3c4c313a8d3e2843c9e6e313b199d7339211cdc70c2eca9f4d88b1e155fd6bd,,https://mantlescan.info/address/0x618f768af6291705eb13e0b2e96600b3851911d1,https://mantlescan.info/address/0x5fdac50aa48e3e86299a04ad18a68750b2074d2d,,Dep
20240712 DoughFina Incorrect input validation,2024/07/12,ETH,https://etherscan.io/tx/0x92cdcc732eebf47200ea56123716e337f6ef7d5ad714a2295794fdc6031ebb2e,,0x67104175fc5fabbdb5a1876c3914e04b94c71741,https://etherscan.io/address/0x11a8dc866c5d03ff06bb74565b6575537b215978,,Post
20240711 SBT - business logic flaw,2024/07/11,BSC,https://app.blocksec.com/explorer/tx/bsc/0x9a8c4c4edb7a76ecfa935780124c409f83a08d15c560bb67302182f8969be20d,,https://bscscan.com/address/0x3026c464d3bd6ef0ced0d49e80f171b58176ce32,https://bscscan.com/address/0x88f9e1799465655f0dd206093dbd08922a1d9e28,,Post
20240711 GAX - Lack of access control,2024/07/11,BSC,https://bscscan.com/tx/0x368f842e79a10bb163d98353711be58431a7cd06098d6f4b6cbbcd4c77b53108,,https://bscscan.com/address/0x8ccf2860f38fc2f4a56dec897c8c976503fcb123,https://bscscan.com/address/0x64b9d294cd918204d1ee6bce283edb49302ddf7e,https://bscscan.com/address/0xdb4b73df2f6de4afcd3a883efe8b7a4b0763822b,Dep
20240708 LW - Integer Underflow,2024/07/08,BSC,https://app.blocksec.com/explorer/tx/bsc/0x96a955304fed48a8fbfb1396ec7658e7dc42b7c140298b80ce4206df34f40e8d,,https://bscscan.com/address/0x56b2d55457b31fb4b78ebddd6718ea2667804a06,https://bscscan.com/address/0xfe7e9c76affdba7b7442adaca9c7c059ec3092fc,,Dep
20240705 DeFiPlaza loss of precision,2024/07/05,ETH,https://etherscan.io/tx/0xa245deda8553c6e4c575baff9b50ef35abf4c8f990f8f36897696f896f240e3a,,https://etherscan.io/address/0x14b362d2e38250604f21a334d71c13e2ed478467,https://etherscan.io/address/0xa4e8969bba1e1d48c30c948de0884cdff43e2d54,,Post
20240703 UnverifiedContr_0x452E25 - lack-of-access-control,2024/07/03,ETH,https://etherscan.io/tx/0x1194e1d6085885ce054a7ff8cd3cd0c3fa308ec87e4ccde8dd0549842fef4f1b,,https://etherscan.io/address/0xabee16e74dd268105f166c27a847edc2b8e7cc4e,https://etherscan.io/address/0x27b27842771df79af6a69795f6fca0948c8333c0,,Post
20240702 MRP - Reentrancy,2024/07/02,BSC,https://app.blocksec.com/explorer/tx/bsc/0x4353a6d37e95a0844f511f0ea9300ef3081130b24f0cf7a4bd1cae26ec393101,,https://bscscan.com/address/0x132d9bbdbe718365af6cc9e43bac109a9a53b138,https://bscscan.com/address/0x2bd8980a925e6f5a910be8cc0ad1cff663e62d9d,,Post
20240628 Will - business logic flaw,2024/06/28,BSC,https://app.blocksec.com/explorer/tx/bsc/0xc12ccc3bdaf3f0ec1efa09d089a0c1dbad05519e1eb0fa6475ffcc6317cbde4d; https://app.blocksec.com/explorer/tx/bsc/0xefe58a14fc0022872262678b358aaae64a26fe2389d09093eb14752ea99415e9,,https://bscscan.com/address/0xb6911dee6a5b1c65ad1ac11a99aec09c2cf83c0e,https://bscscan.com/address/0x63b4de190c35f900bb7adf1a13d66fb1f0d624a1#code,,Post
20240627 APEMAGA - business logic flaw,2024/06/27,ETH,https://app.blocksec.com/explorer/tx/eth/0x6beb21b53f5b205c088570333ec875b720e333b49657f7026b01ed72b026851e?line=19,,https://etherscan.io/address/0xb297735e9fb3e695ccce3963bfe042f318901ea0,https://etherscan.io/address/0x8de6314058c0b7eea809881d73e69b425c01f0b5#code,https://etherscan.io/address/0x56ff4afd909aa66a1530fe69bf94c74e6d44500c,Post
20240618 INcufi - business logic flaw,2024/06/18,BSC,https://app.blocksec.com/explorer/tx/bsc/0x556419e0a6ee8e6de6b3679605f9f62ad013007419a1b55c9f56590a824bfb52,,https://bscscan.com/address/0xb6911dee6a5b1c65ad1ac11a99aec09c2cf83c0e,https://bscscan.com/address/0x4237d006471b38af0e1691c00d96193a8ff5709f,,Post
20240617 Dyson_money - business logic flaw,2024/06/17,BSC,https://app.blocksec.com/explorer/tx/bsc/0xbac614f4d103939a9611ca35f4ec9451e1e98512d573c822fbff70fafdbbb5a0,,https://bscscan.com/address/0x4ced363484dfebd0fab1b33c3eca0edca44a346c,https://bscscan.com/address/0x00db72390c1843de815ef635ee58ac19b54af4ef,,Post
20240616 Crb2 - business logic flaw,2024/06/16,BSC,https://bscscan.com/tx/0xde59f5bd65e8f48e5b6137a3b4251afbb9b6240d1036fa6f030e21ab6d950aac,,https://bscscan.com/address/0x65bba34c11add305cb2a1f8a68cecbd6e75089cd,https://bscscan.com/address/0x73ceea4C6571DbCf9BCc9eA77b1D8107b1D46280,https://bscscan.com/address/0xee6De822159765daf0Fd72d71529d7ab026ec2f2,Post
20240616 WIFCOIN_ETH - business logic flaw,2024/06/16,ETH,https://app.blocksec.com/explorer/tx/eth/0xda8f6a4bed7e5689a343d111632d37480c0316f1d20b732803c4bd482823e284; https://etherscan.io/tx/0x58424115c6576b19cfb78b0b7ff00e0c13daa06d259f2a67210c112731519e09,,https://etherscan.io/address/0x394ba273315240510b61ca22ba152e3478a45892,https://etherscan.io/address/0x93d4f6f84d242c7959f8d1f1917ddbc9fb925ada,,Post
20240611 JokInTheBox - business logic flaw,2024/06/11,ETH,https://etherscan.io/tx/0xe8277ef6ba8611bd12dc5a6e7ca4b984423bc0b3828159f83b466fdcf4fe054f,,https://etherscan.io/address/0xfcd4acbc55df53fbc4c9d275e3495b490635f113,https://etherscan.io/address/0x9d3425d45df30183fda059c586543dcdeb5993e6,,Post
20240610 Bazaar - Insufficient Permission Check,2024/06/10,BLAST,https://blastscan.io/tx/0x7fdd140f7631f62d62f7256ee4a38af51a4723ad5d66adc9b9685bf78f750f2d,,https://blastscan.io/address/0x3cf5B87726Af770c94494E886d2A69c42A203884,https://blastscan.io/address/0xd31c7a22f4e6f928f1d4adabbc08c7bf88a3e402,https://blastscan.io/address/0xefb4e3Cc438eF2854727A7Df0d0baf844484EdaB#code,Dep
20240610 UwULend - Price Manipulation,2024/06/10,ETH,https://app.blocksec.com/explorer/tx/eth/0x242a0fb4fde9de0dc2fd42e8db743cbc197ffa2bf6a036ba0bba303df296408b; https://app.blocksec.com/explorer/tx/eth/0x9235e0662e230bdfa94f56f4932fd09a95fea17e4b9b44a4f40a59449e216110,,https://etherscan.io/address/0x841ddf093f5188989fa1524e7b893de64b421f47,https://etherscan.io/address/0xf19d66e82ffe8e203b30df9e81359f8a201517ad; https://etherscan.io/address/0x0935c185494cc9abee8890d01e67ddcc00b66f8c,https://etherscan.io/address/0x2409af0251dcb89ee3dee572629291f9b087c668,Dep
20240608 YYStoken - Business Logic Flaw,2024/06/08,BSC,https://app.blocksec.com/explorer/tx/bsc/0x397a09af6494c0bfcd89e010f5dd65d90f3ee1cf1ff813ce5b0c1d42a1c8dec9?line=84,,https://bscscan.com/address/0x101723def8695f5bb8d5d4aa70869c10b5ff6340,https://bscscan.com/address/0x832e6540da54d07cb0dfea8957be690c8eb2c6a0; https://bscscan.com/address/0x4192abd1466b49be9d1e99918aee99e0dbd65289,,Post
20240606 MineSTM - Business Logic Flaw,2024/06/06,BSC,https://app.blocksec.com/explorer/tx/bsc/0x849ed7f687cc2ebd1f7c4bed0849893e829a74f512b7f4a18aea39a3ef4d83b1,,https://bscscan.com/address/0x40a82dfdbf01630ea87a0372cf95fa8636fcad89,https://bscscan.com/address/0x88c17622d33b327268924e9f90a9e475a244e3ab,,Post
20240606 SteamSwap - Logic Flaw,2024/06/06,BSC,https://bscscan.com/tx/0x40f3bdd0a3a8d0476ae6aa2875dc2ec60b80812e2a394b67a88260df57c65522,,https://bscscan.com/address/0xb2d546547168f61debf0a780210b5591e4dd39a8,https://bscscan.com/address/0xa4fd1beac3b5fb78a8ec074338152100b87437a9,https://bscscan.com/address/0xb7d0a1adafa3e9e8d8e244c20b6277bee17a09b6,Post
20240604 NCD - Business Logic Flaw,2024/06/04,BSC,https://bscscan.com/tx/0xbfb9b3b8a0d3c589a02f06c516b5c7b7569739edd00f9836645080f2148aefc7,,https://bscscan.com/address/0xd52f125085b70f7f52bd112500a9c334b7246984,https://bscscan.com/address/0xfad2a0642a44a68606c2295e69d383700643be68,,Post
20240601 VeloCore - lack-of-access-control,2024/06/01,Linea,https://lineascan.build/tx/0xed11d5b013bf3296b1507da38b7bcb97845dd037d33d3d1b0c5e763889cdbed1,,https://lineascan.build/address/0x8cdc37ed79c5ef116b9dc2a53cb86acaca3716bf,https://lineascan.build/address/0xb7f6354b2cfd3018b3261fbc63248a56a24ae91a,,Post
20240531 MixedSwapRouter - Arbitrary Call,2024/05/31,ARBI,https://app.blocksec.com/explorer/tx/arbitrum/0xf57f041cb6d8a10e11edab50b84e49b59ff834c7d114d1e049cedd654c36194d,,https://arbiscan.io/address/0xfeef112831cc8f790abe71b4b196c220ee26ecf3,https://arbiscan.io/address/0x4fba400b95cd9e3d7e4073ad6e6bbaf41e640cdf,https://arbiscan.io/address/0x58637aaac44e2a2f190d9e1976e236d86d691542,Dep
20240531 Liquiditytokens - Business Logic Flaw,2024/05/31,BSC,https://app.blocksec.com/explorer/tx/bsc/0x1350cc72865420ba5d3c27234fd4665ad25c021b0a75ba03bc8340a1b1f98a45,,https://bscscan.com/address/0x6951eb8a4a1dab360f2230fb654551335d560ec0,https://bscscan.com/address/0xbdfbb387fbf20379c016998ac609871c3357d749,,Post
20240529 MetaDragon - Lack of Access Control,2024/05/29,BSC,https://app.blocksec.com/explorer/tx/bsc/0x3ad998a01ad1f1bbe6dba6a08e658c1749dabfa4a07da20ded3c73bcd6970d20,,0xc468d9a3a5557bff457586438c130e3afbec2ff9,https://bscscan.com/address/0xdaef6079cb84405dac688a9f6956c6830b7ddbc6,,Post
20240529 SCROLL - Integer Underflow,2024/05/29,ETH,https://app.blocksec.com/explorer/tx/eth/0x661505c39efe1174da44e0548158db95e8e71ce867d5b7190b9eabc9f314fe91,,0x55Db954F0121E09ec838a20c216eABf35Ca32cDD,https://etherscan.io/address/0x55f5aac4466eb9b7bbeee8c05b365e5b18b5afcc,https://etherscan.io/address/0xe51D3dE9b81916D383eF97855C271250852eC7B7#code,Dep
20240528 EXcommunity - Business Logic Flaw,2024/05/28,BSC,https://app.blocksec.com/explorer/tx/bsc/0x5446bf2b57749abdab01813a50ce36246177f3437599f3a56bc1554f596b2c3a,,0xb6911dee6a5b1c65ad1ac11a99aec09c2cf83c0e,https://bscscan.com/address/0x30eeec783c7c4d5b557c69620a54239bed9abf1c,,Post
20240528 Tradeonorion - Business Logic Flaw,2024/05/28,BSC,https://app.blocksec.com/explorer/tx/bsc/0x660837a1640dd9cc0561ab7ff6c85325edebfa17d8b11a3bb94457ba6dcae18c,,https://bscscan.com/address/0x51177db1ff3b450007958447946a2eee388288d2,https://bscscan.com/address/0xf8bfac82bdd7ac82d3aeec98b9e1e73579509db6,,Post
20240527 RedKeysCoin - Weak RNG,2024/05/27,BSC,https://bscscan.com/tx/0x8d5fb97b35b830f8addcf31c8e0c6135f15bbc2163d891a3701ada0ad654d427,,https://bscscan.com/address/0x36a6135672035507b772279d99a9f7445f2d1601,https://bscscan.com/address/0x471038827c05c87c23e9dba5331c753337fd918b,https://bscscan.com/address/0x71e3056aa4985de9f5441f079e6c74454a3c95f0,Post
20240526 NORMIE - Business Logic Flaw,2024/05/26,BASE,https://app.blocksec.com/explorer/tx/base/0xa618933a0e0ffd0b9f4f0835cc94e523d0941032821692c01aa96cd6f80fc3fd,,0xf7f3a556ac21d081f6dba961b6a84e52e37a717d,https://basescan.org/address/0xef0ba56da26b4ddfef0959c1d0fc7a73a908befc,,Post
20240522 Burner - sandwich ack,2024/05/22,ETH,https://etherscan.io/tx/0x3bba4fb6de00dd38df3ad68e51c19fe575a95a296e0632028f101c5199b6f714,,0xe6dcf87256866e293b825708bf1f5df8f07519b3,https://etherscan.io/address/0x1bcc8378943aaee2d99a4e73ddf6c01f62825844,,Post
20240516 TCH - Signature Malleability Vulnerability,2024/05/16,BSC,https://bscscan.com/tx/0xa94338d8aa312ed4b97b2a4dcb27f632b1ade6f3abec667e3bf9f002a75dabe0,,https://bscscan.com/address/0xb9596d6e53d81981b9f06ca2ca6d3e422232d575,https://bscscan.com/address/0x258850ec735f6532fe34fe24ef9628992a9b7e84,https://bscscan.com/address/0x5d78cfc8732fd328015c9b73699de9556ef06e8e,Post
20240514 PredyFinance - Reentrancy,2024/05/14,ARBI,https://arbiscan.io/tx/0xbe163f651d23f0c9e4d4a443c0cc163134a31a1c2761b60188adcfd33178f50f,,https://arbiscan.io/address/0x76b02ab483482740248e2ab38b5a879a31c6d008,https://arbiscan.io/address/0xb79714634895f52a4f6a75eceb58c96246370149,https://arbiscan.io/address/0x7b8b944ab2f24c829504a7a6d70fce5298f2147c,Dep
20240514 Sonne Finance - Precision loss,2024/05/14,OPT,https://optimistic.etherscan.io/tx/0x45c0ccfd3ca1b4a937feebcb0f5a166c409c9e403070808835d41da40732db96; https://optimistic.etherscan.io/tx/0x9312ae377d7ebdf3c7c3a86f80514878deb5df51aad38b6191d55db53e42b7f0,,https://optimistic.etherscan.io/address/0x5d0d99e9886581ff8fcb01f35804317f5ed80bbb,https://optimistic.etherscan.io/address/0xa78aefd483ce3919c0ad55c8a2e5c97cbac1caf8; https://optimistic.etherscan.io/address/0x02FA2625825917E9b1F8346a465dE1bBC150C5B9,,Post
20240512 TGC - Business Logic Flaw,2024/05/12,BSC,https://app.blocksec.com/explorer/tx/bsc/0x12e8c24dec36a29fdd9b9d7a8b587b3abd2519089b6438c194e6e5eb357b68d8?line=0,,0x36fb87c3e65ec608d37e38bd556fb6ebdb3d8a39,https://bscscan.com/address/0x3e1c5ddd39801c1e72e5ab7e19c614fd398747f8,,Post
20240510 TSURU - Insufficient Validation,2024/05/10,BASE,https://basescan.org/tx/0xe63a8df8759f41937432cd34c590d85af61b3343cf438796c6ed2c8f5b906f62,,https://basescan.org/address/0x7A5Eb99C993f4C075c222F9327AbC7426cFaE386,https://basescan.org/address/0xa2209b48506c4e7f3a879ec1c1c2c4ee16c2c017,https://basescan.org/address/0x75Ac62EA5D058A7F88f0C3a5F8f73195277c93dA,Post
20240510 GFOX - lack of access control,2024/05/10,ETH,https://etherscan.io/tx/0x12fe79f1de8aed0ba947cec4dce5d33368d649903cb45a5d3e915cc459e751fc,,0xFcE19F8f823759b5867ef9a5055A376f20c5E454,https://etherscan.io/address/0x86C68d9e13d8d6a70b6423CEB2aEdB19b59F2AA5,0x47c4b3144de2c87a458d510c0c0911d1903d1686,Dep
20240508 GPU - self transfer,2024/05/08,BSC,https://app.blocksec.com/explorer/tx/bsc/0x2c0ada695a507d7a03f4f308f545c7db4847b2b2c82de79e702d655d8c95dadb?line=0,,0xcc78063840428c5ae53f3dc6d80759984788cbc0,https://bscscan.com/address/0x5234001627a376f5e0accb082548a283b1fa1586,https://bscscan.com/address/0xf51cbf9f8e089ca48e454eb79731037a405972ce,Dep
20240507 SATURN - Price Manipulation,2024/05/07,BSC,https://bscscan.com/tx/0x948132f219c0a1adbffbee5d9dc63bec676dd69341a6eca23790632cb9475312,,0xc468D9A3a5557BfF457586438c130E3AFbeC2ff9,https://bscscan.com/address/0xfcecdbc62dee7233e1c831d06653b5bea7845fcc,https://bscscan.com/address/0x9BDF251435cBC6774c7796632e9C80B233055b93#code,Post
20240506 OSN - Reward Distribution Problem,2024/05/06,BSC,https://app.blocksec.com/explorer/tx/bsc/0xc7927a68464ebab1c0b1af58a5466da88f09ba9b30e6c255b46b1bc2e7d1bf09; https://app.blocksec.com/explorer/tx/bsc/0xbf22eabb5db8785642ba17930bddef48d0d1bb94ebd1e03e7faa6f2a3d1a5540; https://app.blocksec.com/explorer/tx/bsc/0x69c64b226f8bf06216cc665ad5e3777ad1b120909326f120f0816ac65a9099c0,,0x835b45d38cbdccf99e609436ff38e31ac05bc502,https://bscscan.com/address/0x4a5acac3b62ef37cf6aaf21baf133323a18dafc2,,Post
20240430 PikeFinance - Uninitialized Proxy,2024/04/30,ETH,https://etherscan.io/tx/0xe2912b8bf34d561983f2ae95f34e33ecc7792a2905a3e317fcc98052bce66431,,https://etherscan.io/address/0x19066f7431df29a0910d287c8822936bb7d89e23,https://etherscan.io/address/0x1da4bc596bfb1087f2f7999b0340fcba03c47fbd,https://etherscan.io/address/0xfc7599cffea9de127a9f9c748ccb451a34d2f063,Post
20240430 Yield - Business Logic Flaw,2024/04/30,ARBI,https://arbiscan.io/tx/0x6caa65b3fc5c8d4c7104574c3a15cd6208f742f9ada7d81ba027b20473137705,,https://arbiscan.io/address/0x1abe06f451e2d569b3e9123baf33b51f68878656,https://arbiscan.io/address/0xd775fd7b76424a553e4adce6c2f99be419ce8d41,https://arbiscan.io/address/0x3b4ffd93ce5fcf97e61aa8275ec241c76cc01a47#code,Post
20240427 BNBX - precission loss,2024/04/27,BSC,https://bscscan.com/tx/0xea88dc6dbd81d09c572b5849e0d4508598edcf8f11c9a995cd8fe7e6c194f39e,,https://bscscan.com/address/0x123fa25c574bb3158ecf6515595932a92a1da510,https://bscscan.com/address/0xe6e06030b33593d140f224fc1cdd1b8ffe99e50a,https://bscscan.com/address/0x389a9ae29fbe53cca7bc8b7a4d9d0a04078e1c24,Post
20240425 NGFS - Bad Access Control,2024/04/25,BSC,https://bscscan.com/tx/0x8ff764dde572928c353716358e271638fa05af54be69f043df72ad9ad054de25,,https://bscscan.com/address/0xd03d360dfc1dac7935e114d564a088077e6754a0,https://bscscan.com/address/0xc73781107d086754314f7720ca14ab8c5ad035e4,https://bscscan.com/address/0xa608985f5b40cdf6862bec775207f84280a91e3a#code,Post
20240424 YIEDL - Input Validation,2024/04/24,BSC,https://app.blocksec.com/explorer/tx/bsc/0x49ca5e188c538b4f2efb45552f13309cc0dd1f3592eee54decfc9da54620c2ec?line=0,,0x322696471792440499b1979e0a440491e870667a,https://bscscan.com/address/0x53a3a3eb8897346864a291e6286319c9811be2dd,,Dep
20240424 XBridge - Logic Flaw,2024/04/24,ETH,https://etherscan.io/tx/0xe09d350d8574ac1728ab5797e3aa46841f6c97239940db010943f23ad4acf7ae; https://etherscan.io/tx/0x903d88a92cbc0165a7f662305ac1bff97430dbcccaa0fe71e101e18aa9109c92,,https://etherscan.io/address/0x0cfc28d16d07219249c6d6d6ae24e7132ee4caa7,https://etherscan.io/address/0x899266243fd2b9a0426b58bd6d534c6b813ef27a,https://etherscan.io/address/0x354cca2f55dde182d36fe34d673430e226a3cb8c#code,Post
20240422 Z123 - price manipulation,2024/04/22,BSC,https://bscscan.com/tx/0xc0c4e99a76da80a4cf43d3110364840151226c0a197c1728bb60dc3f1b3a6a27,,0x3026C464d3Bd6Ef0CeD0D49e80f171b58176Ce32,https://bscscan.com/address/0x61dd07ce0cecf0d7bacf5eb208c57d16bbdee168,https://bscscan.com/address/0xb000f121A173D7Dd638bb080fEe669a2F3Af9760,Post
20240420 Rico - Arbitrary Call,2024/04/20,ARBI,https://arbiscan.io/tx/0x5d2a94785d95a740ec5f778e79ff014c880bcefec70d1a7c2440e611f84713d6,,https://arbiscan.io/address/0xc91cb089084f0126458a1938b794aa73b9f9189d,https://arbiscan.io/address/0x68d843d31de072390d41bff30b0076bef0482d8f,https://arbiscan.io/address/0x598c6c1cd9459f882530fc9d7da438cb74c6cb3b,Post
20240419 HedgeyFinance - Logic Flaw,2024/04/19,ETH,https://etherscan.io/tx/0x2606d459a50ca4920722a111745c2eeced1d8a01ff25ee762e22d5d4b1595739,,https://etherscan.io/address/0xDed2b1a426E1b7d415A40Bcad44e98F47181dda2,https://etherscan.io/address/0xc793113f1548b97e37c409f39244ee44241bf2b3,https://etherscan.io/address/0xBc452fdC8F851d7c5B72e1Fe74DFB63bb793D511#code,Post
20240417 UnverifiedContr_0x00C409 - unverified external call,2024/04/17,ETH,https://app.blocksec.com/explorer/tx/eth/0x998f1da472d927e74405b0aa1bbf5c1dbc50d74b39977bed3307ea2ada1f1d3f?line=0,,0x6beff34a8864b6d44d49ba300c551a81011d6b19,https://etherscan.io/address/0x47bd685ead1022f4f095b004445d6ac3643102f8,,Post
20240416 MARS - Bad Reflection,2024/04/16,BSC,https://app.blocksec.com/explorer/tx/bsc/0x25e2af0a55581d5629a933af9fedd3c70e6d0c320f0b72700ca80e5cdd36c80b,,0x306174b707ebf6d7301a0bcd898ae1666ec176ae,https://bscscan.com/address/0x797acb321cb10154aa807fcd1e155c34135483cd,,Post
20240416 SATX - Logic Flaw,2024/04/16,BSC,https://bscscan.com/tx/0x7e02ee7242a672fb84458d12198fae4122d7029ba64f3673e7800d811a8de93f,,0xBEF24B94C205999ea17d2ae4941cE849C9114bfd,https://bscscan.com/address/0x9c63d6328c8e989c99b8e01de6825e998778b103,https://bscscan.com/address/0xfd80a436da2f4f4c42a5dbfa397064cfeb7d9508#code,Post
20240415 GFA - business-logic-flaw,2024/04/15,BSC,https://app.blocksec.com/explorer/tx/bsc/0xe15d6f7fa891c2626819209edf2d5ded6948310eaada067b400062aa022ce718?line=0,,0x0740100ad48d22bc648901520a313b46557f8ada,https://bscscan.com/address/0xbf65cadb3f637e87271a4d9a62f03a634a61a19c,,Post
20240415 ChaingeFinance - Arbitrary External Call,2024/04/15,BSC,https://bscscan.com/tx/0x051276afa96f2a2bd2ac224339793d82f6076f76ffa8d1b9e6febd49a4ec11b2,,https://bscscan.com/address/0x6eec0f4c017afe3dfadf32b51339c37e9fd59dfb,https://bscscan.com/address/0x791c6542bc52efe4f20df0ee672b88579ae3fd9a,https://bscscan.com/address/0x80a0d7a6fd2a22982ce282933b384568e5c852bf,Post
20240414 Hackathon - business logic flaw,2024/04/14,BSC,https://app.blocksec.com/explorer/tx/bsc/0xea181f730886ece947e255ab508f5af1d0f569fee3368b651d5dbb28549087b5,,0xf4c11ac8040936da701015e196bc62e645592e6d,https://bscscan.com/address/0x3907f01c1cac4e758b97e89aaa761051021c5b77,,Post
20240412 GROKD - lack of access control,2024/04/12,BSC,https://app.blocksec.com/explorer/tx/bsc/0x383dbb44a91687b2b9bbd8b6779957a198d114f24af662776f384569b84fc549?line=0; https://app.blocksec.com/explorer/tx/bsc/0x8293946b5c88c4a21250ca6dc93c6d1a695fb5d067bb2d4aed0a11bd5af1fb32,,https://bscscan.com/address/0x2f5181aaab8776d8c67d4505ff47213391908b34,https://bscscan.com/address/0x98aa55463d2d4d957a53e9f8cc1efd39c4003a74,,Post
20240412 SumerMoney - Reentrancy,2024/04/12,BASE,https://basescan.org/tx/0x619c44af9fedb8f5feea2dcae1da94b6d7e5e0e7f4f4a99352b6c4f5e43a4661,,https://basescan.org/address/0xbb344544ad328b5492397e967fe81737855e7e77,https://basescan.org/address/0x13d27a2d66ea33a4bc581d5fefb0b2a8defe9fe7,https://basescan.org/address/0x23811c17bac40500decd5fb92d4feb972ae1e607,Dep
20240412 FIL314 - Insufficient Validation And Price Manipulation,2024/04/12,BSC,https://bscscan.com/tx/0x9f2eb13417190e5139d57821422fc99bced025f24452a8b31f7d68133c9b0a6c,,https://bscscan.com/address/0x4645863205b47a0a3344684489e8c446a437d66c,https://bscscan.com/address/0xde521fbbbb0dbcfa57325a9896c34941f23e96a0,https://bscscan.com/address/0xe8a290c6fc6fa6c0b79c9cfae1878d195aeb59af,Post
20240410 BigBangSwap - precission loss,2024/04/10,BSC,https://phalcon.blocksec.com/explorer/tx/bsc/0x94055664287a565d4867a97ba6d5d2e28c55d10846e3f83355ba84bd1b9280fc,,https://bscscan.com/address/0xc1b6f9898576d722dbf604aaa452cfea3a639c59,https://bscscan.com/address/0xb22cf0e1672344f23f3126fbd35f856e961fd780,https://bscscan.com/address/0xa45d4359246dbd523ab690bef01da06b07450030,Post
20240409 UPS - business logic flaw,2024/04/09,BSC,https://app.blocksec.com/explorer/tx/bsc/0xd03702e17171a32464ce748b8797008d59e2dbcecd3b3847d5138414566c886d?line=0,,0xc4c306c20b4a22f1d261f11c40e88603dd2a2888,https://bscscan.com/address/0xf5d943805284bfa9c58eb3d777dd5791b5f9da10,,Post
20240408 SQUID - sandwich attack,2024/04/08,BSC,https://app.blocksec.com/explorer/tx/bsc/0x9fcf38d0af4dd08f4d60f7658b623e35664e74bca0eaebdb0c3b9a6965d6257b,,0x418038cd60d7ad3006075411765c34048907e7e7,https://bscscan.com/address/0x0ab83929ec6698f8d897c23a986e5180934af53d,,Post
20240404 wsm - manipulating price,2024/04/04,BSC,https://bscscan.com/tx/0x5a475a73343519f899527fdb9850f68f8fc73168073c72a3cff8c0c7b8a1e520,,0x3026C464d3Bd6Ef0CeD0D49e80f171b58176Ce32,https://bscscan.com/address/0x014eE3c3dE6941cb0202Dd2b30C89309e874B114,https://bscscan.com/address/0xc0afd0e40bb3dcaebd9451aa5c319b745bf792b4,Post
20240402 HoppyFrogERC - business logic flaw,2024/04/02,ETH,https://app.blocksec.com/explorer/tx/eth/0x6fb7f8e9eb09d6ae17dbe82b2b42f46f64fb9c3197438b68ecf03e832d5fc791,,https://etherscan.io/address/0x676c3262e8f0fba0031a93ea74ff801b99ac177b,https://etherscan.io/address/0xc976ed4b25e1e7019ff34fb54f4e63b1550b70c3,,Post
20240401 OpenLeverage - business logic flaw,2024/04/01,BSC,https://phalcon.blocksec.com/explorer/tx/bsc/0xf78a85eb32a193e3ed2e708803b57ea8ea22a7f25792851e3de2d7945e6d02d5; https://phalcon.blocksec.com/explorer/tx/bsc/0x210071108f3e5cd24f49ef4b8bcdc11804984b0c0334e18a9a2cdb4cd5186067,,https://bscscan.com/address/0x5bb5b6d41c3e5e41d9b9ed33d12f1537a1293d5f,https://bscscan.com/address/0xd0c8af170397c04525a02234b65e9a39969f4e93,https://bscscan.com/address/0xf436f8fe7b26d87eb74e5446acec2e8ad4075e47,Post
20240401 ATM - business logic flaw,2024/04/01,BSC,https://app.blocksec.com/explorer/tx/bsc/0xee10553c26742bec9a4761fd717642d19012bab1704cbced048425070ee21a8a?line=0,,https://bscscan.com/address/0x499057d1ae21f2afe0b46c154f9529201c44c6c1,https://bscscan.com/address/0x521377c730f2780270a0468308b265662d6b4810,,Post
20240329 PrismaFi - Insufficient Validation,2024/03/29,ETH,https://etherscan.io/tx/0x00c503b595946bccaea3d58025b5f9b3726177bbdc9674e634244135282116c7,,0x7e39e3b3ff7adef2613d5cc49558eab74b9a4202,https://etherscan.io/address/0xd996073019c74b2fb94ead236e32032405bc027c,0xcc7218100da61441905e0c327749972e3cbee9ee,Post
20240329 ETHFIN - lack of access control,2024/03/29,BSC,https://bscscan.com/tx/0xfe031685d84f3bae1785f5b2bd0ed480b87815c3f23ce6ced73b8573b7e367c6,,https://bscscan.com/address/0x52e38d496f8d712394d5ed55e4d4cdd21f1957de,https://bscscan.com/address/0x11bfd986299bb0d5666536e361f312198e882642,https://bscscan.com/address/0x17bd2e09fa4585c15749f40bb32a6e3db58522ba,Post
20240328 LavaLending - Business Logic Flaw,2024/03/28,ARBI,https://phalcon.blocksec.com/explorer/tx/arbitrum/0xcb1a2f5eeb1a767ea5ccbc3665351fadc1af135d12a38c504f8f6eb997e9e603,,https://arbiscan.io/address/0x851aa754c39bf23cdaac2025367514dfd7530418,https://arbiscan.io/address/0x3e52c217a902002ca296fe6769c22fedaee9fda1; https://arbiscan.io/address/0x42fae47296b26385c4a5b62c46e4305a27c88988,https://arbiscan.io/address/0x7746872c6892bcfb4254390283719f2bd2d4da76#code,Dep
20240325 ZongZi - Price Manipulation,2024/03/25,BSC,https://phalcon.blocksec.com/explorer/tx/bsc/0x247f4b3dbde9d8ab95c9766588d80f8dae835129225775ebd05a6dd2c69cd79f,,https://bscscan.com/address/0x2c42824ef89d6efa7847d3997266b62599560a26,https://bscscan.com/address/0x0bd0d9ba4f52db225b265c3cffa7bc4a418d22a9,https://bscscan.com/address/0xb7a254237e05ccca0a756f75fb78ab2df222911b,Post
20240324 ARK - business logic flaw,2024/03/24,BSC,https://app.blocksec.com/explorer/tx/bsc/0xe8b0131fa14d0a96327f6b5690159ffa7650d66376db87366ba78d91f17cd677,,https://bscscan.com/address/0xdd309ea4e99b772c1e6a798a6b159211bb95b22c,https://bscscan.com/address/0x94598ec1eb8f85d57fba787df6b49dbbabb87f37,,Post
20240323 CGT - Incorrect Access Control,2024/03/23,ETH,https://app.blocksec.com/explorer/tx/eth/0x4ff4028b03c3df468197358b99f5160e5709e7fce3884cc8ce818856d058e106,,https://etherscan.io/address/0xdaaa6294c47b5743bdafe0613d1926ee27ae8cf5,https://etherscan.io/address/0x1e791527aea32cddbd7ceb7f04612db536816545,,Post
20240321 SSS - Token Balance Doubles on Transfer to self,2024/03/21,BLAST,https://blastscan.io/tx/0x62e6b906bb5aafdc57c72cd13e20a18d2de3a4a757cd2f24fde6003ce5c9f2c6,,0x6a89a8C67B5066D59BF4D81d59f70C3976faCd0A,https://blastscan.io/address/0xded85d83bf06069c0bd5aa792234b5015d5410a9,0xdfDCdbC789b56F99B0d0692d14DBC61906D9Deed,Post
20240320 Paraswap - Incorrect Access Control,2024/03/20,ETH,https://phalcon.blocksec.com/explorer/tx/eth/0x35a73969f582872c25c96c48d8bb31c23eab8a49c19282c67509b96186734e60,,https://etherscan.io/address/0x91cee75acbdd7be57bacb40fdeaa4e27dc5154b3,,https://etherscan.io/address/0x00000000fdac7708d0d360bddc1bc7d097f47439,Post
20240314 MO - business logic flaw,2024/03/14,OPT,https://app.blocksec.com/explorer/tx/optimism/0x4ec3061724ca9f0b8d400866dd83b92647ad8c943a1c0ae9ae6c9bd1ef789417?line=0,,0x4e2c6096985e0b2825d06c16f1c8cdc559c1d6f8,https://optimistic.etherscan.io/address/0x700a7002484f2f3b4516e4f3c550fb8d9b080ac1,,Post
20240313 IT - business logic flaw,2024/03/13,BSC,https://app.blocksec.com/explorer/tx/bsc/0xb33057f57ce451aa8cbb65508d298fe3c627509cc64a394736dace2671b6dcfa,,0xb495573cd2246e7cc7d6d2b37d779463295e5ab0,https://bscscan.com/address/0xa199a94379c9a518e3853516ac33fca122a7bb1d,,Post
20240312 BBT - business logic flaw,2024/03/12,ETH,https://app.blocksec.com/explorer/tx/eth/0x4019890fe5a5bd527cd3b9f7ee6d94e55b331709b703317860d028745e33a8ca?line=4,,https://etherscan.io/address/0xc9a5643ed8e4cd68d16fe779d378c0e8e7225a54,https://etherscan.io/address/0xf5610cf8c27454b6d7c86fccf1830734501425c5,,Post
20240311 Binemon - precission-loss,2024/03/11,BSC,https://phalcon.blocksec.com/explorer/tx/bsc/0x1999bb5c11a8d8bfa7620fc5cc37f5bc59c1a99d7a9250a8d6076c93bbdbeb5f,,https://bscscan.com/address/0x835b45d38cbdccf99e609436ff38e31ac05bc502,https://bscscan.com/address/0x132e1ea5db918dae00eef685b845c409a83dfa82,https://bscscan.com/address/0xe56842ed550ff2794f010738554db45e60730371,Post
20240309 UnizenIO - unverified external call,2024/03/09,ETH,https://phalcon.blocksec.com/explorer/tx/eth/0xdd0636e2598f4d7b74f364fedb38f334365fd956747a04a6dd597444af0bc1c0,1,https://etherscan.io/address/0x2ad8aed847e8d4d3da52aabb7d0f5c25729d10df,,https://etherscan.io/address/0xd3f64baa732061f8b3626ee44bab354f854877ac,
20240309 Juice - Business Logic Flaw,2024/03/09,ETH,https://etherscan.io/tx/0xc9b2cbc1437bbcd8c328b6d7cdbdae33d7d2a9ef07eca18b4922aac0430991e7,,https://etherscan.io/address/0x3fA19214705BC82cE4b898205157472A79D026BE,https://etherscan.io/address/0xa8b45dee8306b520465f1f8da7e11cd8cfd1bbc4,https://etherscan.io/address/0x8584ddbd1e28bca4bc6fb96bafe39f850301940e,Post
20240307 GHT - Business Logic Flaw,2024/03/07,ETH,https://phalcon.blocksec.com/explorer/tx/eth/0xd17266bcdf30cbcbd7d0b5a006f43141981aeee2e1f860f68c9a1805ecacbc68?line=3,,https://etherscan.io/address/0x096f0f03e4be68d7e6dd39b22a3846b8ce9849a3,https://etherscan.io/address/0xcc5159b5538268f45afda7b5756fa8769ce3e21f,https://etherscan.io/address/0x528e046acfb52bd3f9c400e7a5c79a8a2c2863d0,Post
20240306 TGBS - Business Logic Flaw,2024/03/06,BSC,https://phalcon.blocksec.com/explorer/tx/bsc/0xa0408770d158af99a10c60474d6433f4c20f3052e54423f4e590321341d4f2a4,,https://bscscan.com/address/0xff1db040e4f2a44305e28f8de728dabff58f01e1,https://bscscan.com/address/0x1a8eb8eca01819b695637c55c1707f9497b51cd9,https://bscscan.com/address/0xedecfa18cae067b2489a2287784a543069f950f4,Dep
20240306 ALP - Public internal function,2024/03/06,BSC,https://phalcon.blocksec.com/explorer/tx/bsc/0xa0408770d158af99a10c60474d6433f4c20f3052e54423f4e590321341d4f2a4,,https://bscscan.com/address/0xff1db040e4f2a44305e28f8de728dabff58f01e1,https://bscscan.com/address/0x1a8eb8eca01819b695637c55c1707f9497b51cd9,https://bscscan.com/address/0xedecfa18cae067b2489a2287784a543069f950f4,Dep
20240305 Woofi - Price Manipulation,2024/03/05,ARBI,https://arbiscan.io/tx/0x57e555328b7def90e1fc2a0f7aa6df8d601a8f15803800a5aaf0a20382f21fbd,,https://arbiscan.io/address/0x9961190b258897bca7a12b8f37f415e689d281c4,https://arbiscan.io/address/0xc3910dca5d3931f4a10261b8f58e1a19a13e0203; https://arbiscan.io/address/0x1759f791214168e0292ab6b2180da1c4cf9b764e,https://arbiscan.io/address/0xeff23b4be1091b53205e35f3afcd9c7182bf3062,Dep
20240228 SMOOFSStaking - Reentrancy,2024/02/28,POLY,https://phalcon.blocksec.com/explorer/tx/polygon/0xde51af983193b1be3844934b2937a76c19610ddefcdd3ffcf127db3e68749a50,,https://polygonscan.com/address/0x149b268b8b8101e2b5df84a601327484cb43221c,https://polygonscan.com/address/0x367120bf791cc03f040e2574aea0ca7790d3d2e5,https://polygonscan.com/address/0x9d6cb01fb91f8c6616e822cf90a4b3d8eb0569c6,Post
20240228 Seneca - Arbitrary External Call Vulnerability,2024/02/28,ETH,https://phalcon.blocksec.com/explorer/tx/eth/0x23fcf9d4517f7cc39815b09b0a80c023ab2c8196c826c93b4100f2e26b701286,1,https://etherscan.io/address/0x94641c01a4937f2c8ef930580cf396142a2942dc,,https://etherscan.io/address/0x65c210c59b43eb68112b7a4f75c8393c36491f06,Post
20240223 BlueberryProtocol - logic flaw,2024/02/23,ETH,https://etherscan.io/tx/0xf0464b01d962f714eee9d4392b2494524d0e10ce3eb3723873afd1346b8b06e4,,https://etherscan.io/address/0xc0ffeebabe5d496b2dde509f9fa189c25cf29671,https://etherscan.io/address/0x3aa228a80f50763045bdfc45012da124bd0a6809,https://etherscan.io/address/0xffadb0bba4379dfabfb20ca6823f6ec439429ec2,Post
20240223 CompoundUni - Oracle bad price,2024/02/23,ETH,https://etherscan.io/tx/0xaee0f8d1235584a3212f233b655f87b89f22f1d4890782447c4ef742b37af58d,,0xe000008459b74a91e306a47c808061dfa372000e,https://etherscan.io/address/0x2f99fb66ea797e7fa2d07262402ab38bd5e53b12,https://etherscan.io/address/0x50ce56A3239671Ab62f185704Caedf626352741e#code,Post
20240223 Zoomer - Business Logic Flaw,2024/02/23,ETH,https://app.blocksec.com/explorer/tx/eth/0x06d7e7436414c658a33452d28400799f3637e83930dcec39b3bd065dabc6ef04,,https://etherscan.io/address/0xb0380b6d7a63e7cbf274c3b3c8838abbd6bd4abe,https://etherscan.io/address/0xa4854022f4c16f0abc3fdec300427f6179a3043b,,Post
20240222 SwarmMarkets - lack of validation,2024/02/22,ETH,https://etherscan.io/tx/0xc0be8c3792a5b1ba7d653dc681ff611a5b79a75fe51c359cf1aac633e9441574,,https://etherscan.io/address/0x38f68f119243adbca187e1ef64344ed475a8c69c,https://etherscan.io/address/0x3aa228a80f50763045bdfc45012da124bd0a6809,https://etherscan.io/address/0x2b9dc65253c035eb21778cb3898eab5a0ada0cce,Post
20240221 GAIN - bad function implementation,2024/02/21,ETH,https://etherscan.io/tx/0x7acc896b8d82874c67127ff3359d7437a15fdb4229ed83da00da1f4d8370764e,,https://etherscan.io/address/0x0000000f95c09138dfea7d9bcf3478fc2e13dcab,https://etherscan.io/address/0x9a4b9fd32054bfe2099f2a0db24932a4d5f38d0f,,Dep
20240221 DeezNutz 404 - lack of validation,2024/02/21,ETH,https://etherscan.io/tx/0xbeefd8faba2aa82704afe821fd41b670319203dd9090f7af8affdf6bcfec2d61,,https://etherscan.io/address/0xd215ffaf0f85fb6f93f11e49bd6175ad58af0dfd,https://etherscan.io/address/0xd129d8c12f0e7aa51157d9e6cc3f7ece2dc84ecd,https://etherscan.io/address/0xb57e874082417b66877429481473cf9fcd8e0b8a#code,Post
20240220 EGGX - reentrancy,2024/02/20,,,,,,https://etherscan.io/address/0xFb35DE57B117FA770761C1A344784075745F84F9,
20240219 RuggedArt - reentrancy,2024/02/19,ETH,https://etherscan.io/tx/0x5a63da39b5b83fccdd825fed0226f330f802e995b8e49e19fbdd246876c67e1f,,https://etherscan.io/address/0x9733303117504c146a4e22261f2685ddb79780ef,https://etherscan.io/address/0x9bb0ca1e54025232e18f3874f972a851a910e9cb,https://etherscan.io/address/0xfe380fe1db07e531e3519b9ae3ea9f7888ce20c6,Post
20240216 ParticleTrade - lack of validation data,2024/02/16,ETH,https://etherscan.io/tx/0xd9b3e229acc755881890394cc76fde0d7b83b1abd4d046b0f69c1fd9fd495ff6,,https://etherscan.io/address/0x2c903f97ea69b393ea03e7fab8d64d722b3f5559,https://etherscan.io/address/0xe55607b2967ddbe5fa9a6a921991545b8277ef8f,https://etherscan.io/address/0xe4764f9cd8ecc9659d3abf35259638b20ac536e4,Post
20240215 Miner - lack of validation dst address,2024/02/15,ETH,https://etherscan.io/tx/0x75e3aeb00df69882a1b15d424e5e642650326ca3b923d7fd1922d57c51bc2c78,,https://etherscan.io/address/0xea75aec151f968b8de3789ca201a2a3a7faeefba,https://etherscan.io/address/0xbff51c9c3d50d6168dfef72133f5dbda453ebf29,https://etherscan.io/address/0x732276168b421d4792e743711e1a48172ea574a2,Post
20240215 Babyloogn - lack of validation,2024/02/15,BSC,https://phalcon.blocksec.com/explorer/tx/bsc/0xd081d6bb96326be5305a6c00dd51d1799971794941576554341738abc1ceb202,,https://bscscan.com/address/0x835b45d38cbdccf99e609436ff38e31ac05bc502,https://bscscan.com/address/0x3559ee265fc9c5c9a333b07e0199480b4a84f369,https://bscscan.com/address/0x971d08bba900230298add23e61e04b04226b5073,Post
20240215 DualPools - precision truncation,2024/02/15,BSC,https://bscscan.com/tx/0x90f374ca33fbd5aaa0d01f5fcf5dee4c7af49a98dc56b47459d8b7ad52ef1e93,,https://bscscan.com/address/0x4645863205b47a0a3344684489e8c446a437d66c,https://bscscan.com/address/0x38721b0d67dfdba1411bb277d95af3d53fa7200e,https://bscscan.com/address/0x5e5e28029ef37fc97ffb763c4ac1f532bbd4c7a2,Post
20240213 MINER - Price Manipulation,2024/02/13,BSC,https://bscscan.com/tx/0x15ab671c9bf918fa4b6a9eed9ccb527f32aca40e926ede2aec2c84dfa9c30512,,https://bscscan.com/address/0x031958a8137745350549fd95055398dd536a07c7,https://bscscan.com/address/0xc9716ec1b0503316233e3bcc50853f0df6befd43,https://bscscan.com/address/0x2ba9d4a8c41c60b71ff7df2c3f54b008644b954e,Post
20240211 Game - Reentrancy && Business Logic Flaw,2024/02/11,ETH,https://phalcon.blocksec.com/explorer/tx/eth/0x0eb8f8d148508e752d9643ccf49ac4cb0c21cbad346b5bbcf2d06974d31bd5c4,,https://etherscan.io/address/0x145766a51ae96e69810fe76f6f68fd0e95675a0b,https://etherscan.io/address/0x8d4de2bc1a566b266bd4b387f62c21e15474d12a,https://etherscan.io/address/0x52d69c67536f55efefe02941868e5e762538dbd6,Post
20240210 FILX DN404 - Access Control,2024/02/10,ETH,https://etherscan.io/tx/0xbeef09ee9d694d2b24f3f367568cc6ba1dad591ea9f969c36e5b181fd301be82,,https://etherscan.io/address/0xd215ffaf0f85fb6f93f11e49bd6175ad58af0dfd,https://etherscan.io/address/0xd129d8c12f0e7aa51157d9e6cc3f7ece2dc84ecd,https://etherscan.io/address/0x2c7112245fc4af701ebf90399264a7e89205dad4,Post
20240208 Pandora - interger underflow,2024/02/08,ETH,https://phalcon.blocksec.com/explorer/tx/eth/0x7c5a909b45014e35ddb89697f6be38d08eff30e7c3d3d553033a6efc3b444fdd,,0x096f0f03e4be68d7e6dd39b22a3846b8ce9849a3,https://etherscan.io/address/0xcc5159b5538268f45afda7b5756fa8769ce3e21f,,
20240205 BurnsDefi - Price Manipulation,2024/02/05,BSC,https://phalcon.blocksec.com/explorer/tx/bsc/0x1d0af3a963682748493f21bf9e955ce3a950bee5817401bf2486db7a0af104b4,,https://bscscan.com/address/0xc9fbcf3eb24385491f73bbf691b13a6f8be7c339,https://bscscan.com/address/0xb5eebf73448e22ce6a556f848360057f6aadd4e7,https://bscscan.com/address/0x4fb9657ac5d311dd54b37a75cfb873b127eb21fd,Post
20240202 ADC - incorrect-access-control,2024/02/02,ETH,https://phalcon.blocksec.com/explorer/tx/eth/0xcf834aff4de9992f5da9c443600dad9c6277a8a00de5007842fece51564992db,,https://etherscan.io/address/0x24a0c66f185874b251eb70bee2c2e35e39848419,https://etherscan.io/address/0x2ffdce5f0c09a8ee3a568bc01f35894b2d77a6d6,,Post
20240201 AffineDeFi - lack of validation userData,2024/02/01,ETH,https://phalcon.blocksec.com/explorer/tx/eth/0x03543ef96c26d6c79ff6c24219c686ae6d0eb5453b322e54d3b6a5ce456385e5,,https://etherscan.io/address/0x09f6be2a7d0d2789f01ddfaf04d4eaa94efc0857,https://etherscan.io/address/0x12d85e5869258a80d4bebe70d176d0f58b2d68e4,https://etherscan.io/address/0xcd6ca2f0d0c182c5049d9a1f65cde51a706ae142,Post
20240130 MIMSpell - Precission Loss,2024/01/30,ETH,https://phalcon.blocksec.com/explorer/tx/eth/0x26a83db7e28838dd9fee6fb7314ae58dcc6aee9a20bf224c386ff5e80f7e4cf2,,https://etherscan.io/address/0x87f585809ce79ae39a5fa0c7c96d0d159eb678c9,https://etherscan.io/address/0x193e045bee45c7573ff89b12601c745af739ce67,https://etherscan.io/address/0x7259e152103756e1616a77ae982353c3751a6a90,Dep
20240130 XSIJ - Business Logic Flaw,2024/01/30,BSC,https://phalcon.blocksec.com/explorer/tx/bsc/0xf477089602fefcfc1dbdce15834476267914d64a1e6a52f07d3f135f091e1d27,,https://bscscan.com/address/0xc4f82210c2952fcec77efe734ab2d9b14e858469,https://bscscan.com/address/0x5313f4f04fdcc2330ccfa5ba7da2780850d1d7be,,Post
20240129 PeapodsFinance - Reentrancy,2024/01/29,ETH,https://phalcon.blocksec.com/explorer/tx/eth/0x95c1604789c93f41940a7fd9eca11276975a9a65d250b89a247736287dbd2b7e,,0x835d4928e3447affacf07221f2894607f9a21765,https://etherscan.io/address/0xbed4fbf7c3e36727ccdab4c6706c3c0e17b10397,https://etherscan.io/address/0xdbb20a979a92cccce15229e41c9b082d5b5d7e31,Post
20240128 BarleyFinance - Reentrancy,2024/01/28,ETH,https://phalcon.blocksec.com/explorer/tx/eth/0x995e880635f4a7462a420a58527023f946710167ea4c6c093d7d193062a33b01,,https://etherscan.io/address/0x7b3a6eff1c9925e509c2b01a389238c1fcc462b6,https://etherscan.io/address/0x356e7481b957be0165d6751a49b4b7194aef18d5,https://etherscan.io/address/0x04c80bb477890f3021f03b068238836ee20aa0b8,Post
20240127 CitadelFinance - Price Manipulation,2024/01/27,ARBI,https://phalcon.blocksec.com/explorer/tx/arbitrum/0xf52a681bc76df1e3a61d9266e3a66c7388ef579d62373feb4fd0991d36006855,,https://arbiscan.io/address/0xfcf88e5e1314ca3b6be7eed851568834233f8b49,https://arbiscan.io/address/0xfcbf411237ac830dc892edec054f15ba7f9ea5a6,https://arbiscan.io/address/0x34b666992fcce34669940ab6b017fe11e5750799,Post
20240125 NBLGAME - Reentrancy,2024/01/25,OPT,https://phalcon.blocksec.com/explorer/tx/optimism/0xf4fc3b638f1a377cf22b729199a9aeb27fc62fe2983a65c4d14b99ee5c5b2328,,https://optimistic.etherscan.io/address/0x1fd0a6a5e232eeba8020a40535ad07013ec4ef12,https://optimistic.etherscan.io/address/0xe4d41bdd6459198b33cc795ff280cee02d91087b,https://optimistic.etherscan.io/address/0x5499178919c79086fd580d6c5f332a4253244d91,Dep
20240122 DAO_SoulMate - Incorrect Access Control,2024/01/22,ETH,https://app.blocksec.com/explorer/tx/eth/0x1ea0a2e88efceccb2dd93e6e5cb89e5421666caeefb1e6fc41b68168373da342,,https://etherscan.io/address/0xd215ffaf0f85fb6f93f11e49bd6175ad58af0dfd,https://etherscan.io/address/0xd129d8c12f0e7aa51157d9e6cc3f7ece2dc84ecd,https://etherscan.io/address/0x82c063afefb226859abd427ae40167cb77174b68,Post
20240117 BmiZapper - Arbitrary external call vulnerability,2024/01/17,ETH,https://phalcon.blocksec.com/explorer/tx/eth/0x97201900198d0054a2f7a914f5625591feb6a18e7fc6bb4f0c964b967a6c15f6,,https://etherscan.io/address/0x63136677355840f26c0695dd6de5c9e4f514f8e8,https://etherscan.io/address/0xae5919160a646f5d80d89f7aae35a2ca74738440,https://etherscan.io/address/0x4622aff8e521a444c9301da0efd05f6b482221b8,Post
20240115 Shell_MEV_0xa898 - lack of access control,2024/01/15,BSC,https://bscscan.com/tx/0x24f114c0ef65d39e0988d164e052ce8052fe4a4fd303399a8c1bb855e8da01e9,,https://bscscan.com/address/0x835b45d38cbdccf99e609436ff38e31ac05bc502,https://bscscan.com/address/0xd66a43d0a3e853b98d14268e240cf973e3fa986e,https://bscscan.com/address/0xa898b78b7cbbabacf9d179c4c46c212c0ac66f46,Post
20240112 WiseLending - Bad HealthFactor Check,2024/01/12,ETH,https://etherscan.io/tx/0x04e16a79ff928db2fa88619cdd045cdfc7979a61d836c9c9e585b3d6f6d8bc31,,https://etherscan.io/address/0xb90cf1d740b206b6d80854bc525e609dc42b45dc,https://etherscan.io/address/0x91c49cc7fbfe8f70aceeb075952cd64817f9d82c,https://etherscan.io/address/0x37e49bf3749513a02fa535f0cbc383796e8107e4,Post
20240112 SocketGateway - Lack of calldata validation,2024/01/12,ETH,https://etherscan.io/tx/0xc6c3331fa8c2d30e1ef208424c08c039a89e510df2fb6ae31e5aa40722e28fd6,,0x50DF5a2217588772471B84aDBbe4194A2Ed39066,https://etherscan.io/address/0xf2d5951bb0a4d14bdcc37b66f919f9a1009c05d1,https://etherscan.io/address/0x3a23F943181408EAC424116Af7b7790c94Cb97a5,Dep
20240110 LQDX - Unauthorized TransferFrom,2024/01/10,,,,,,,
20240110 Freedom - lack of access control,2024/01/10,BSC,https://bscscan.com/tx/0x309523343cc1bb9d28b960ebf83175fac941b4a590830caccff44263d9a80ff0,,https://bscscan.com/address/0x835b45d38cbdccf99e609436ff38e31ac05bc502,https://bscscan.com/address/0x4512abb79f1f80830f4641caefc5ab33654a2d49,https://bscscan.com/address/0xae3ada8787245977832c6dab2d4474d3943527ab,Post
20240104 Gamma - Price manipulation,2024/01/04,ARBI,https://arbiscan.io/tx/0x025cf2858723369d606ee3abbc4ec01eab064a97cc9ec578bf91c6908679be75,,0x5351536145610aa448a8bf85ba97c71caf31909c,https://arbiscan.io/address/0x2ee5663ceac6bac7b75d255c870f9e3cd45af1a5#code,https://arbiscan.io/address/0x1F1Ca4e8236CD13032653391dB7e9544a6ad123E#cod,Dep
20240102 RadiantCapital - Loss of Precision,2024/01/02,ARBI,https://explorer.phalcon.xyz/tx/arbitrum/0x1ce7e9a9e3b6dd3293c9067221ac3260858ce119ecb7ca860eac28b2474c7c9b,,https://arbiscan.io/address/0x826d5f4d8084980366f975e10db6c4cf1f9dde6d,https://arbiscan.io/address/0x39519c027b503f40867548fb0c890b11728faa8f,https://arbiscan.io/address/0xf4b1486dd74d07706052a33d31d7c0aafd0659e1,Post
20240102 MIC - Business Logic Flaw,2024/01/02,BSC,https://app.blocksec.com/explorer/tx/bsc/0x316c35d483b72700e6f4984650d217304146b3732bb148e32fa7f8017843eb24,,https://bscscan.com/address/0x1703062d657c1ca439023f0993d870f4707a37ff,https://bscscan.com/address/0xafebc0a9e26fea567cc9e6dd7504800c67f4e3fe,https://bscscan.com/address/0xb38c2d2d6a168d41aa8eb4cead47e01badbdcf57,Post
20240101 OrbitChain - Incorrect input validation,2024/01/01,ETH,https://explorer.phalcon.xyz/tx/eth/0xe0bada18fdc56dec125c31b1636490f85ba66016318060a066ed7050ff7271f9,1,https://etherscan.io/address/0x9263e7873613ddc598a701709875634819176aff,,https://etherscan.io/address/0x1bf68a9d1eaee7826b3593c20a0ca93293cb489a,Post
